smiles,CEETOX_H295R_ESTRONE_dn,CEETOX_H295R_TESTO_dn,CEETOX_H295R_PROG_up,CEETOX_H295R_OHPROG_up,CEETOX_H295R_11DCORT_dn,CEETOX_H295R_DOC_dn,CEETOX_H295R_OHPROG_dn,CEETOX_H295R_DOC_up,CEETOX_H295R_OHPREG_up,CEETOX_H295R_ANDR_dn,CEETOX_H295R_ESTRONE_up,CEETOX_H295R_CORTISOL_dn,CEETOX_H295R_ESTRADIOL_up,CEETOX_H295R_ESTRADIOL_dn
OC1=CC=C(C=C1)[N+]([O-])=O,0.0,0.0,0.0,1.0,0.0,0.0,0.0,0.0,0.0,0.0,0.0,0.0,0.0,0.0
CCNC1=NC(N)=NC(Cl)=N1,0.0,0.0,0.0,0.0,0.0,0.0,0.0,0.0,0.0,0.0,1.0,0.0,1.0,0.0
CC(C)(C1=CC=CC=C1)C1=CC=C(NC2=CC=C(C=C2)C(C)(C)C2=CC=CC=C2)C=C1,0.0,1.0,1.0,1.0,1.0,1.0,0.0,0.0,,1.0,0.0,1.0,0.0,0.0
O(P(OC1=CC=CC=C1)OC1=CC=CC=C1)C1=CC=CC=C1,0.0,0.0,0.0,0.0,0.0,0.0,0.0,0.0,0.0,0.0,0.0,0.0,0.0,0.0
ClC1=CC=CC=C1NC1=NC(Cl)=NC(Cl)=N1,0.0,0.0,0.0,0.0,0.0,0.0,0.0,1.0,0.0,0.0,0.0,0.0,0.0,0.0
ClC1=CC=C(NC(=O)NC2=CC=C(Cl)C(Cl)=C2)C=C1,0.0,0.0,0.0,0.0,1.0,1.0,1.0,0.0,0.0,0.0,0.0,0.0,0.0,0.0
CC(C)OC(=O)NC1=CC=CC(Cl)=C1,0.0,0.0,0.0,0.0,0.0,0.0,1.0,0.0,0.0,0.0,1.0,0.0,1.0,0.0
C=CCOC1=NC(OCC=C)=NC(OCC=C)=N1,0.0,0.0,1.0,1.0,0.0,0.0,0.0,0.0,1.0,0.0,1.0,0.0,1.0,0.0
FC1=CC=CC(F)=C1C(=O)NC(=O)NC1=C(F)C=C(OC2=C(Cl)C=C(C=C2)C(F)(F)F)C=C1,0.0,0.0,,0.0,0.0,1.0,1.0,0.0,0.0,0.0,0.0,0.0,0.0,0.0
NC1=CC=C(NC2=CC=CC=C2)C=C1,0.0,1.0,0.0,0.0,0.0,0.0,1.0,1.0,1.0,1.0,0.0,1.0,0.0,0.0
CN(C)C1=CC=C(CC2=CC=C(C=C2)N(C)C)C=C1,0.0,0.0,1.0,0.0,0.0,0.0,0.0,0.0,0.0,0.0,0.0,0.0,0.0,0.0
C[C@]12C=CC3=C4CCC(=O)C=C4CC[C@H]3[C@@H]1CC[C@@H]2O,1.0,1.0,,0.0,1.0,1.0,1.0,0.0,1.0,1.0,0.0,1.0,0.0,0.0
CC(C)NC1=CC=C(NC2=CC=CC=C2)C=C1,0.0,0.0,0.0,0.0,0.0,0.0,1.0,0.0,,1.0,0.0,0.0,0.0,0.0
NC1=CC=C(CC2=CC=C(N)C=C2)C=C1,1.0,1.0,1.0,1.0,1.0,1.0,0.0,0.0,,1.0,0.0,1.0,0.0,0.0
NC1=CC=C(OC2=CC=C(N)C=C2)C=C1,1.0,1.0,1.0,0.0,1.0,0.0,0.0,1.0,,1.0,0.0,1.0,0.0,1.0
C1CCC(CC1)NC1CCCCC1,0.0,0.0,0.0,0.0,1.0,1.0,0.0,0.0,0.0,0.0,0.0,1.0,0.0,0.0
NC(=O)C(Br)(Br)C#N,0.0,0.0,1.0,0.0,0.0,0.0,0.0,1.0,0.0,1.0,0.0,0.0,0.0,0.0
ClC1=C(Cl)C2(Cl)C3COS(=O)(=O)OCC3C1(Cl)C2(Cl)Cl,0.0,1.0,0.0,0.0,1.0,1.0,1.0,0.0,0.0,1.0,0.0,1.0,0.0,0.0
C1=CC=C(C=C1)N=NC1=CC=CC=C1,0.0,0.0,0.0,0.0,0.0,0.0,0.0,0.0,0.0,0.0,0.0,0.0,0.0,0.0
FC1=CC2=C(C=C1N1C(=O)C3=C(CCCC3)C1=O)N(CC#C)C(=O)CO2,0.0,0.0,0.0,0.0,0.0,0.0,0.0,0.0,0.0,0.0,0.0,0.0,0.0,0.0
CCCCCCCCOC(=O)C1=CC(O)=C(O)C(O)=C1,0.0,1.0,1.0,0.0,0.0,0.0,0.0,1.0,0.0,1.0,0.0,0.0,0.0,0.0
O=C(OCC1=CC=CC=C1)C=CC1=CC=CC=C1,0.0,1.0,0.0,0.0,0.0,0.0,1.0,0.0,0.0,1.0,0.0,0.0,0.0,0.0
CC(O[Si](C)(C)C)=N[Si](C)(C)C,0.0,0.0,0.0,0.0,0.0,0.0,0.0,0.0,0.0,0.0,0.0,0.0,0.0,0.0
OCC=CC1=CC=CC=C1,0.0,0.0,0.0,0.0,0.0,1.0,0.0,0.0,0.0,0.0,0.0,0.0,0.0,0.0
C(COC1=CC=CC=C1)OC1=CC=CC=C1,0.0,1.0,0.0,0.0,0.0,0.0,1.0,0.0,0.0,1.0,0.0,0.0,0.0,0.0
CCCCCCCC1CCC(=O)O1,0.0,0.0,0.0,0.0,0.0,0.0,0.0,0.0,0.0,0.0,0.0,0.0,0.0,0.0
CC\C(=C(/C1=CC=CC=C1)C1=CC=C(OCCN(C)C)C=C1)C1=CC=CC=C1,0.0,0.0,0.0,1.0,1.0,1.0,0.0,0.0,0.0,0.0,0.0,0.0,0.0,0.0
C[C@@H](OC1=CC=C(OC2=NC=C(Cl)C=C2F)C=C1)C(=O)OCC#C,0.0,0.0,1.0,1.0,0.0,0.0,0.0,1.0,1.0,0.0,0.0,0.0,0.0,0.0
CC(C)C1=CC=CC(C(C)C)=C1N1C(=O)C2=C(C=C(O)C=C2)C1=O,1.0,1.0,1.0,1.0,1.0,1.0,0.0,0.0,0.0,1.0,0.0,1.0,0.0,1.0
CC1=CC(C)=C(O)C=C1,0.0,0.0,0.0,0.0,0.0,0.0,0.0,0.0,0.0,0.0,1.0,0.0,0.0,0.0
[Na+].CCOC1=CC(=CC=C1)N1C=C(N=C1C1=CC=C(C)C=C1)C(=O)N1CCN(CC1)C1=CC2=CC=CC=C2C(=C1)C([O-])=O,0.0,0.0,0.0,0.0,0.0,0.0,0.0,0.0,0.0,0.0,0.0,0.0,0.0,0.0
CC1=CC=C(O)C=C1,0.0,0.0,0.0,1.0,0.0,0.0,0.0,0.0,0.0,0.0,1.0,0.0,1.0,0.0
NC1=CC=C(Cl)C=C1,0.0,0.0,1.0,1.0,0.0,1.0,0.0,0.0,0.0,0.0,0.0,0.0,0.0,0.0
NC1=CC=C(N)C=C1,0.0,0.0,0.0,0.0,0.0,0.0,0.0,1.0,0.0,1.0,0.0,1.0,1.0,0.0
CC(C)(C)C(O)(CCC1=CC=C(Cl)C=C1)CN1C=NC=N1,1.0,1.0,,0.0,1.0,1.0,1.0,0.0,,1.0,0.0,1.0,0.0,1.0
CC1=CC(N)=CC=C1,0.0,0.0,0.0,0.0,0.0,0.0,0.0,0.0,0.0,0.0,0.0,0.0,0.0,0.0
CC1=CC=CC(C)=N1,0.0,0.0,0.0,0.0,0.0,0.0,0.0,0.0,0.0,0.0,0.0,0.0,0.0,0.0
CC1CCCCC1,0.0,0.0,0.0,0.0,0.0,0.0,0.0,0.0,0.0,0.0,0.0,0.0,0.0,0.0
N1C=CC=C1,0.0,0.0,0.0,0.0,0.0,0.0,0.0,0.0,0.0,0.0,0.0,0.0,0.0,0.0
CC#CC1=CC(C)=NC(NC2=CC=CC=C2)=N1,0.0,1.0,0.0,0.0,1.0,0.0,1.0,0.0,0.0,1.0,1.0,0.0,0.0,0.0
COC1=C(OC)C=C(C=C1)C(=CC(=O)N1CCOCC1)C1=CC=C(Cl)C=C1,0.0,1.0,0.0,0.0,0.0,0.0,0.0,0.0,0.0,1.0,1.0,1.0,1.0,0.0
CCOCCOC(C)=O,0.0,0.0,0.0,0.0,0.0,0.0,0.0,0.0,0.0,0.0,0.0,0.0,0.0,0.0
CCCCCCS,0.0,0.0,0.0,0.0,0.0,0.0,0.0,0.0,0.0,0.0,0.0,0.0,0.0,0.0
CCCCOC=C,0.0,0.0,0.0,0.0,0.0,0.0,0.0,0.0,0.0,0.0,0.0,0.0,0.0,0.0
CCCCCCCCO,0.0,0.0,0.0,0.0,0.0,0.0,0.0,0.0,0.0,0.0,0.0,0.0,0.0,0.0
ClC1=CC=C(CN2CCS\C2=N/C#N)C=N1,1.0,0.0,0.0,0.0,0.0,0.0,0.0,0.0,1.0,0.0,0.0,0.0,0.0,1.0
[Cl-].CCCCCCCCCCCC[N+](C)(C)C,0.0,0.0,0.0,0.0,0.0,0.0,0.0,0.0,0.0,0.0,0.0,0.0,0.0,0.0
CCCCCCCCC(O)=O,0.0,0.0,0.0,0.0,0.0,0.0,0.0,0.0,0.0,0.0,0.0,0.0,0.0,0.0
CCCCCCCCCCCCN(C)C,0.0,0.0,0.0,0.0,1.0,0.0,0.0,0.0,0.0,0.0,0.0,0.0,0.0,0.0
FC(F)C(F)(F)OCC(CN1C=NC=N1)C1=C(Cl)C=C(Cl)C=C1,0.0,0.0,0.0,0.0,0.0,0.0,0.0,0.0,0.0,0.0,0.0,0.0,0.0,0.0
OC(=O)CCCCCCCCC=C,0.0,0.0,0.0,0.0,0.0,0.0,0.0,0.0,1.0,0.0,0.0,0.0,0.0,0.0
CCC1=CC=C(C=C1)C(=O)NN(C(=O)C1=CC(C)=CC(C)=C1)C(C)(C)C,0.0,0.0,0.0,0.0,0.0,0.0,0.0,0.0,0.0,0.0,0.0,0.0,0.0,0.0
Cl.CCC1=CN=C(CCOC2=CC=C(CC3SC(=O)NC3=O)C=C2)C=C1,0.0,0.0,0.0,0.0,1.0,1.0,0.0,0.0,0.0,0.0,0.0,0.0,0.0,0.0
CCCCCCCCCCCCCCO,0.0,0.0,0.0,0.0,0.0,0.0,0.0,0.0,0.0,0.0,0.0,0.0,0.0,0.0
OC(=O)CN1C(=O)N(CC2=CC=C(Br)C=C2F)C(=O)C2=C1C=C(Cl)C=C2,0.0,0.0,1.0,0.0,0.0,0.0,0.0,0.0,0.0,0.0,0.0,0.0,1.0,0.0
CCSC(=O)N(CC)C1CCCCC1,0.0,0.0,0.0,0.0,0.0,0.0,0.0,0.0,0.0,0.0,0.0,0.0,0.0,0.0
CNC(=O)OC1=CC=CC=C1OC(C)C,0.0,0.0,0.0,0.0,0.0,0.0,0.0,0.0,0.0,0.0,0.0,0.0,0.0,0.0
COCC1=CN=C(C2=NC(C)(C(C)C)C(=O)N2)C(=C1)C(O)=O,0.0,0.0,0.0,0.0,0.0,0.0,0.0,0.0,0.0,0.0,0.0,0.0,0.0,0.0
OC1=C2C(CC3=CC=CC(O)=C3C2=O)=CC=C1,1.0,1.0,0.0,0.0,1.0,0.0,1.0,0.0,0.0,1.0,0.0,0.0,0.0,1.0
ClC1=CC=C(CCC(CN2C=NC=N2)(C#N)C2=CC=CC=C2)C=C1,0.0,0.0,1.0,1.0,0.0,0.0,0.0,0.0,0.0,0.0,0.0,1.0,0.0,0.0
CC(C)(O)C=C,0.0,0.0,0.0,0.0,0.0,0.0,0.0,0.0,0.0,0.0,0.0,0.0,0.0,0.0
O=P(OC1=CC=CC=C1)(OC1=CC=CC=C1)OC1=CC=CC=C1,0.0,0.0,0.0,0.0,1.0,0.0,1.0,0.0,0.0,0.0,0.0,0.0,0.0,0.0
FC(OC(F)(F)F)C(F)(F)OC1=C(Cl)C=C(NC(=O)NC(=O)C2=C(F)C=CC=C2F)C=C1,0.0,0.0,0.0,0.0,0.0,0.0,0.0,0.0,0.0,0.0,0.0,0.0,0.0,0.0
NC1=CC=C2C(=O)C3=C(C=CC=C3)C(=O)C2=C1,0.0,0.0,1.0,1.0,0.0,0.0,0.0,0.0,0.0,0.0,1.0,0.0,0.0,0.0
CCCN(CC)CC1COC2(CCC(CC2)C(C)(C)C)O1,0.0,1.0,,0.0,1.0,1.0,1.0,0.0,,1.0,0.0,0.0,0.0,0.0
OC1=C(C=CC=C1)C(=O)OCC1=CC=CC=C1,0.0,0.0,0.0,0.0,0.0,0.0,1.0,0.0,0.0,0.0,1.0,0.0,1.0,0.0
OC1=C(Br)C=C(Br)C=C1Br,0.0,0.0,1.0,1.0,1.0,0.0,0.0,0.0,0.0,0.0,0.0,0.0,0.0,0.0
CC1COC(CN2C=NC=N2)(O1)C1=C(Cl)C=C(OC2=CC=C(Cl)C=C2)C=C1,0.0,0.0,0.0,1.0,0.0,1.0,0.0,0.0,0.0,0.0,0.0,1.0,0.0,0.0
COC1=CC(=CC=C1N)C1=CC(OC)=C(N)C=C1,0.0,1.0,1.0,0.0,1.0,0.0,0.0,1.0,0.0,1.0,0.0,1.0,0.0,0.0
CC1=CC(=CC=C1N)C1=CC=C(N)C(C)=C1,0.0,1.0,1.0,1.0,0.0,0.0,0.0,1.0,0.0,1.0,1.0,0.0,1.0,0.0
CCN(CC)C1=CC=C(C=O)C=C1,0.0,0.0,1.0,0.0,0.0,0.0,0.0,1.0,0.0,0.0,0.0,0.0,0.0,0.0
OC1=C(CC2=CC=CC=C2)C=C(Cl)C=C1,0.0,1.0,0.0,0.0,1.0,0.0,0.0,0.0,0.0,1.0,0.0,1.0,0.0,0.0
CCOC(=O)C1=CC=C(O)C=C1,0.0,0.0,1.0,1.0,1.0,1.0,0.0,0.0,1.0,0.0,0.0,0.0,1.0,0.0
COC1=CC=C(C)C=C1N,0.0,0.0,1.0,1.0,0.0,0.0,0.0,0.0,0.0,0.0,0.0,1.0,0.0,0.0
OC1=C(Cl)C=C(Cl)C=C1,0.0,0.0,0.0,1.0,0.0,0.0,0.0,0.0,0.0,0.0,1.0,0.0,1.0,0.0
OC(CN1C=NC=N1)(CC1=C(Cl)C=CC=C1)C1(Cl)CC1,1.0,0.0,1.0,0.0,1.0,0.0,0.0,0.0,,1.0,0.0,1.0,0.0,1.0
S=C(NC1CCCCC1)NC1CCCCC1,0.0,0.0,0.0,0.0,1.0,0.0,0.0,0.0,0.0,0.0,0.0,0.0,0.0,0.0
C(NC1=C2N=CN=C2N=CN1)C1=CC=CC=C1,0.0,0.0,1.0,0.0,0.0,0.0,0.0,0.0,0.0,0.0,0.0,0.0,0.0,0.0
[Cl-].CC(C)(C)CC(C)(C)C1=CC=C(OCCOCC[N+](C)(C)CC2=CC=CC=C2)C=C1,0.0,1.0,0.0,0.0,1.0,1.0,1.0,0.0,0.0,1.0,0.0,0.0,0.0,0.0
CN(C)C1=CC(C)=CC=C1,0.0,0.0,0.0,0.0,0.0,0.0,0.0,0.0,0.0,0.0,0.0,0.0,0.0,0.0
CCOC(=O)CC(SP(=S)(OC)OC)C(=O)OCC,0.0,0.0,1.0,1.0,0.0,0.0,0.0,0.0,0.0,0.0,0.0,0.0,0.0,0.0
NC1=C(Cl)C=C(C=C1)[N+]([O-])=O,0.0,0.0,0.0,0.0,0.0,0.0,0.0,0.0,0.0,0.0,0.0,0.0,0.0,0.0
COP(=S)(OC)OC1=CC=C(C(C)=C1)[N+]([O-])=O,0.0,0.0,1.0,1.0,1.0,1.0,0.0,0.0,0.0,0.0,0.0,0.0,0.0,0.0
CCNC1=NC(NCC)=NC(Cl)=N1,0.0,0.0,0.0,0.0,0.0,0.0,0.0,0.0,1.0,0.0,1.0,0.0,1.0,0.0
N(C1=CC=CC=C1)C1=CC=CC=C1,0.0,0.0,0.0,0.0,0.0,0.0,0.0,0.0,0.0,0.0,1.0,0.0,1.0,0.0
CC(C)OC(=O)NC1=CC=CC=C1,0.0,0.0,0.0,0.0,0.0,0.0,0.0,0.0,0.0,0.0,0.0,0.0,0.0,0.0
CCOCN1C(=C(C#N)C(Br)=C1C(F)(F)F)C1=CC=C(Cl)C=C1,1.0,1.0,,0.0,1.0,0.0,1.0,0.0,,1.0,0.0,1.0,0.0,1.0
FC(F)(F)C1=C(Br)C(C#N)=C(N1)C1=CC=C(Cl)C=C1,0.0,1.0,,0.0,1.0,1.0,1.0,0.0,,1.0,0.0,1.0,0.0,0.0
N(NC1=CC=CC=C1)C1=CC=CC=C1,0.0,0.0,0.0,0.0,0.0,0.0,1.0,0.0,0.0,0.0,0.0,0.0,0.0,0.0
OC1=CC=C(O)C=C1,0.0,0.0,1.0,0.0,0.0,0.0,0.0,1.0,0.0,0.0,0.0,0.0,0.0,0.0
[Mn++].[S-]C(=S)NCCNC([S-])=S,0.0,0.0,0.0,0.0,0.0,0.0,0.0,0.0,0.0,0.0,0.0,0.0,0.0,0.0
C[C@]12C[C@H](O)[C@@]3(F)[C@@H](CCC4=CC(=O)C=C[C@]34C)[C@@H]1C[C@@H](O)[C@]2(O)C(=O)CO,0.0,0.0,0.0,0.0,0.0,0.0,0.0,1.0,0.0,0.0,0.0,0.0,0.0,0.0
CC1(C)CCC(CC2=CC=C(Cl)C=C2)C1(O)CN1C=NC=N1,0.0,0.0,,0.0,0.0,1.0,1.0,0.0,0.0,0.0,0.0,0.0,0.0,0.0
CC1=C2C(=O)C3=C(C(O)=C(O)C([C@@H]4O[C@H](CO)[C@@H](O)[C@H](O)[C@H]4O)=C3O)C(=O)C2=CC(O)=C1C(O)=O,0.0,0.0,0.0,0.0,0.0,0.0,0.0,0.0,0.0,0.0,0.0,0.0,0.0,0.0
CC1(CCCCC1)C(=O)NC1=C(Cl)C(Cl)=C(O)C=C1,0.0,1.0,0.0,0.0,1.0,1.0,1.0,0.0,1.0,1.0,0.0,1.0,0.0,0.0
CC(C)CC(C)(O)C#CC(C)(O)CC(C)C,0.0,0.0,0.0,0.0,1.0,0.0,0.0,0.0,0.0,0.0,0.0,0.0,0.0,0.0
[Na+].CN(C)C([S-])=S,0.0,0.0,0.0,0.0,0.0,0.0,0.0,0.0,0.0,0.0,0.0,0.0,0.0,0.0
CCOC(=O)C(Cl)CC1=C(Cl)C=C(F)C(=C1)N1N=C(C)N(C(F)F)C1=O,0.0,0.0,0.0,0.0,0.0,0.0,1.0,1.0,0.0,1.0,0.0,1.0,0.0,0.0
NC1=CC=C(N)C2=C1C(=O)C1=CC=CC=C1C2=O,0.0,0.0,0.0,1.0,1.0,1.0,0.0,0.0,0.0,0.0,1.0,0.0,1.0,0.0
C1=CC2=C3C(C=CC4=CC=CC(C=C2)=C34)=C1,0.0,1.0,0.0,0.0,1.0,1.0,1.0,0.0,0.0,1.0,0.0,0.0,0.0,0.0
CCOC(=O)COC1=C(Cl)C=C(F)C(=C1)C1=NN(C)C(OC(F)F)=C1Cl,0.0,0.0,0.0,0.0,0.0,0.0,0.0,0.0,0.0,0.0,0.0,0.0,0.0,0.0
C=CC(=O)OCCCCCCOC(=O)C=C,0.0,0.0,0.0,0.0,0.0,0.0,0.0,0.0,0.0,1.0,0.0,0.0,0.0,0.0
CCOP(=S)(OCC)SCSC(C)(C)C,0.0,1.0,0.0,0.0,0.0,0.0,0.0,0.0,0.0,1.0,0.0,0.0,0.0,0.0
CC(C)(C1=CC=C(OC2=CC=C(N)C=C2)C=C1)C1=CC=C(OC2=CC=C(N)C=C2)C=C1,0.0,1.0,,0.0,1.0,1.0,1.0,0.0,,1.0,0.0,1.0,0.0,0.0
CCCCCOC(=O)C1=C(C=CC=C1)C(=O)OCCCCC,0.0,0.0,0.0,0.0,0.0,0.0,0.0,0.0,0.0,0.0,0.0,0.0,0.0,0.0
COC1=CC=C(C(=O)C2=CC=CC=C2)C(O)=C1,0.0,0.0,0.0,0.0,0.0,0.0,1.0,0.0,0.0,1.0,0.0,0.0,0.0,0.0
CCCSP(=O)(OCC)SCCC,0.0,1.0,0.0,0.0,0.0,0.0,0.0,0.0,0.0,0.0,0.0,0.0,0.0,0.0
CC1(C)CCC(=CC2=CC=C(Cl)C=C2)C1(O)CN1C=NC=N1,0.0,0.0,0.0,0.0,0.0,1.0,0.0,0.0,,0.0,0.0,1.0,0.0,0.0
CO[C@H]1\C=C\O[C@@]2(C)OC3=C(C2=O)C2=C(C(O)=C3C)C(O)=C(NC(=O)\C(C)=C/C=C/[C@H](C)[C@H](O)[C@@H](C)[C@@H](O)[C@@H](C)[C@H](OC(C)=O)[C@@H]1C)C(\C=N\N1CCN(C)CC1)=C2O,0.0,0.0,0.0,0.0,0.0,0.0,0.0,0.0,0.0,0.0,0.0,0.0,0.0,0.0
FC1=CC=C(C=C1)C1(CN2C=NC=N2)OC1C1=C(Cl)C=CC=C1,1.0,1.0,0.0,0.0,1.0,0.0,1.0,1.0,,1.0,0.0,1.0,0.0,1.0
ClC1=CC=C(C=C1)C(=O)C1=CC=CC=C1,0.0,0.0,0.0,0.0,0.0,0.0,1.0,0.0,0.0,0.0,0.0,0.0,0.0,0.0
CSC(=O)C1=CC=CC2=C1SN=N2,0.0,0.0,0.0,0.0,0.0,0.0,1.0,0.0,0.0,0.0,1.0,0.0,1.0,0.0
OC1=CC2=C(C=CC=C2)C=C1,0.0,1.0,0.0,1.0,0.0,0.0,0.0,0.0,0.0,1.0,1.0,0.0,1.0,0.0
O=C(NC1=CC=CC=C1SSC1=C(NC(=O)C2=CC=CC=C2)C=CC=C1)C1=CC=CC=C1,0.0,0.0,1.0,0.0,0.0,0.0,0.0,1.0,0.0,1.0,0.0,0.0,0.0,0.0
CCOC(=O)C1=NN(C2=C(Cl)C=C(Cl)C=C2)C(C)(C1)C(=O)OCC,0.0,1.0,0.0,0.0,1.0,0.0,1.0,0.0,0.0,0.0,0.0,0.0,0.0,0.0
N(C1=CC=CC=C1)C1=CC=C2C=CC=CC2=C1,0.0,0.0,0.0,1.0,0.0,0.0,0.0,0.0,0.0,1.0,0.0,0.0,0.0,0.0
[Na+].CCCCC1=NC2=C(N=CC=C2)N1CC1=CC=C(C=C1)C1=CC=CC=C1C1=NN=N[N-]1,0.0,0.0,1.0,1.0,0.0,0.0,0.0,1.0,1.0,0.0,0.0,0.0,0.0,0.0
COC(=O)NC1=CC(OC(=O)NC2=CC=CC(C)=C2)=CC=C1,0.0,0.0,0.0,0.0,1.0,1.0,0.0,0.0,0.0,0.0,0.0,0.0,0.0,0.0
CC1=CC2=C(NN=N2)C=C1,0.0,0.0,0.0,0.0,0.0,0.0,0.0,0.0,0.0,0.0,0.0,0.0,0.0,0.0
[O-][N+](=O)\N=C1/NCCN1CC1=CN=C(Cl)C=C1,0.0,0.0,0.0,0.0,0.0,0.0,0.0,0.0,0.0,0.0,0.0,0.0,0.0,0.0
OCC1=CC=CC(OC2=CC=CC=C2)=C1,0.0,1.0,0.0,0.0,0.0,0.0,1.0,1.0,0.0,1.0,1.0,0.0,1.0,0.0
OC(=O)CN(CC(O)=O)CC(O)=O,0.0,0.0,0.0,0.0,0.0,0.0,0.0,0.0,0.0,0.0,1.0,0.0,1.0,0.0
COC1=C(OC)C(=CC=C1)[C@H](O)C1CCN(CCC2=CC=C(F)C=C2)CC1,0.0,1.0,,0.0,1.0,1.0,1.0,0.0,,1.0,0.0,1.0,0.0,0.0
CS(O)(=O)=O.CC(C)(C)C1=CC(\C=C2/SC(=N)NC2=O)=CC(=C1O)C(C)(C)C,0.0,0.0,1.0,1.0,0.0,0.0,0.0,1.0,0.0,0.0,0.0,0.0,0.0,0.0
NC(=O)NC1=CC=C(Cl)C=C1,0.0,0.0,0.0,0.0,0.0,0.0,0.0,0.0,0.0,0.0,0.0,0.0,0.0,0.0
C1CC=CC1,0.0,0.0,0.0,0.0,0.0,0.0,0.0,0.0,0.0,0.0,0.0,0.0,0.0,0.0
CC(C)N(C(=O)COC1=NN=C(S1)C(F)(F)F)C1=CC=C(F)C=C1,0.0,0.0,0.0,0.0,0.0,0.0,0.0,0.0,0.0,0.0,0.0,0.0,0.0,0.0
[Na+].COCC1=C(C2=CC=C(F)C=C2)C(\C=C\[C@@H](O)C[C@@H](O)CC([O-])=O)=C(N=C1C(C)C)C(C)C,0.0,,,,1.0,,,,,1.0,0.0,1.0,0.0,0.0
CO\N=C(\C(=O)OC)C1=C(COC2=C(C)C=CC=C2)C=CC=C1,0.0,1.0,,0.0,1.0,1.0,1.0,0.0,0.0,1.0,0.0,1.0,0.0,0.0
CC1=CC2=C(OC(CN(CC3=CC=CC=C3)C(=O)NC3=C(F)C=C(F)C=C3F)=C2C2=CC=C(Cl)C=C2)C=C1,0.0,0.0,,0.0,1.0,1.0,1.0,0.0,0.0,0.0,0.0,0.0,0.0,0.0
OC1=CC2=C(CCC2)C=C1,0.0,0.0,0.0,0.0,0.0,0.0,0.0,0.0,0.0,0.0,0.0,0.0,1.0,0.0
[Ca++].O[C@H](C[C@H](O)\C=C\C1=C(C2=CC=C(F)C=C2)C2=C(C=CC=C2)N=C1C1CC1)CC([O-])=O.O[C@H](C[C@H](O)\C=C\C1=C(C2=CC=C(F)C=C2)C2=C(C=CC=C2)N=C1C1CC1)CC([O-])=O,0.0,,,,1.0,,,,,1.0,0.0,1.0,0.0,0.0
CCOP(=S)(OCC)O\N=C(/C#N)C1=CC=CC=C1,0.0,1.0,1.0,0.0,1.0,0.0,0.0,1.0,0.0,1.0,0.0,1.0,0.0,0.0
CCC(C)(C)C(=O)OC1=C(C(=O)OC11CCCCC1)C1=CC(Cl)=CC(Cl)=C1,0.0,0.0,0.0,0.0,1.0,1.0,1.0,0.0,0.0,0.0,0.0,0.0,0.0,0.0
N1C2=C(C=CC=C2)N=C1C1=CSC=N1,0.0,0.0,0.0,0.0,1.0,0.0,1.0,0.0,0.0,0.0,0.0,0.0,0.0,0.0
Cl.ClC1=CC2=C(CN3CCCCCC3=N2)C(Cl)=C1,0.0,0.0,0.0,0.0,0.0,0.0,0.0,0.0,0.0,0.0,0.0,0.0,1.0,0.0
SC1=NC2=C(S1)C=CC=C2,0.0,1.0,0.0,0.0,0.0,0.0,1.0,0.0,0.0,1.0,0.0,0.0,0.0,0.0
CCCCCC1=CC=C(O)C=C1,0.0,1.0,0.0,0.0,0.0,0.0,0.0,0.0,0.0,1.0,1.0,0.0,1.0,0.0
COC1=CC=CC(O)=C1,0.0,0.0,0.0,0.0,0.0,0.0,0.0,1.0,0.0,0.0,0.0,0.0,1.0,0.0
COC1=CC=C(C=C1)N1N=C(C=C1C1=CC=C(C=C1)S(C)=O)C(F)F,0.0,0.0,0.0,0.0,0.0,0.0,0.0,0.0,0.0,0.0,1.0,0.0,1.0,0.0
CCN(CC)C(=O)C(C)OC1=C2C=CC=CC2=CC=C1,0.0,0.0,0.0,0.0,0.0,0.0,0.0,0.0,0.0,1.0,1.0,0.0,0.0,0.0
IC1=C(C=CC=C1)C(=O)NC1=CC=CC=C1,0.0,0.0,0.0,0.0,1.0,1.0,1.0,0.0,0.0,0.0,0.0,0.0,0.0,0.0
CCOC1=C(C=CC(=C1)C(C)(C)C)C1COC(=N1)C1=C(F)C=CC=C1F,0.0,0.0,0.0,0.0,0.0,0.0,0.0,0.0,0.0,0.0,0.0,0.0,0.0,0.0
CCCCCCCCCCCCN1CCOCC1,0.0,1.0,,0.0,1.0,1.0,1.0,0.0,,1.0,0.0,0.0,0.0,0.0
CN(C)NC(=O)CCC(O)=O,0.0,0.0,0.0,0.0,0.0,0.0,0.0,0.0,0.0,0.0,0.0,0.0,0.0,0.0
CC1(C)N(Br)C(=O)N(Cl)C1=O,0.0,0.0,0.0,0.0,0.0,0.0,0.0,0.0,0.0,0.0,0.0,0.0,0.0,0.0
COC1=NC(NC(C)C)=NC(NC(C)C)=N1,0.0,0.0,0.0,0.0,0.0,0.0,0.0,0.0,0.0,0.0,1.0,0.0,1.0,0.0
COC1=CC=CC(C(=O)NN(C(=O)C2=CC(C)=CC(C)=C2)C(C)(C)C)=C1C,1.0,0.0,0.0,0.0,0.0,0.0,0.0,0.0,0.0,0.0,0.0,0.0,0.0,0.0
CC1=C(C2=C(C=CC=C2)N1CCCCC(O)=O)C1=CN=CC=C1,1.0,1.0,1.0,0.0,0.0,0.0,0.0,1.0,0.0,1.0,0.0,0.0,0.0,1.0
CCCCC1=CC=C(O)C=C1,0.0,0.0,0.0,0.0,0.0,0.0,0.0,0.0,0.0,0.0,1.0,0.0,1.0,0.0
OC1=CC=CNC1=O,0.0,1.0,,0.0,1.0,1.0,1.0,0.0,,1.0,0.0,1.0,0.0,0.0
NC1=C(Cl)C(=O)N(N=C1)C1=CC=CC=C1,0.0,0.0,0.0,0.0,0.0,0.0,0.0,0.0,0.0,0.0,0.0,0.0,0.0,0.0
O[C@@H]1[C@@H](COC2=CC(O)=CC=C12)N1CCC(O)(CC1)C1=CC=C(F)C=C1,0.0,0.0,0.0,0.0,0.0,0.0,0.0,0.0,0.0,0.0,0.0,0.0,0.0,0.0
C[C@]12CC[C@H]3[C@@H](CCC4=CC5=C(C[C@]34C)C=NO5)[C@@H]1CC[C@@]2(O)C#C,1.0,1.0,,0.0,1.0,0.0,1.0,1.0,1.0,1.0,0.0,1.0,0.0,1.0
COP(N)(=S)OC,0.0,0.0,0.0,0.0,0.0,0.0,0.0,0.0,0.0,0.0,0.0,0.0,0.0,0.0
CCCCNC1=CC=C(NCCCC)C2=C1C(=O)C1=C(C=CC=C1)C2=O,0.0,0.0,1.0,1.0,0.0,0.0,0.0,1.0,0.0,0.0,0.0,0.0,0.0,0.0
CC1=C(C2=C(O1)C(NC(=O)C1=C(Cl)C=CC=C1Cl)=CC=C2)C(C)(C)O,0.0,1.0,0.0,0.0,1.0,1.0,1.0,0.0,0.0,1.0,0.0,0.0,0.0,0.0
CC(C1=CC=C(C)C(C)=C1)C1=CC=C(C)C(C)=C1,0.0,0.0,0.0,0.0,1.0,0.0,1.0,0.0,0.0,1.0,0.0,0.0,0.0,0.0
COC1=CC2=C(C=C1)N=C(N)S2,0.0,0.0,1.0,1.0,0.0,1.0,0.0,0.0,0.0,0.0,0.0,0.0,1.0,0.0
COC1=CC2=NC=NC(NC3=CC=CC(Cl)=C3)=C2C=C1OC,0.0,0.0,0.0,0.0,1.0,1.0,0.0,0.0,0.0,0.0,0.0,1.0,0.0,0.0
CC(C)(COCC1CO1)COCC1CO1,0.0,0.0,0.0,0.0,0.0,0.0,0.0,0.0,0.0,0.0,0.0,0.0,0.0,0.0
OC(CN1NC=NC1=S)(CC1=C(Cl)C=CC=C1)C1(Cl)CC1,0.0,0.0,0.0,0.0,0.0,0.0,0.0,0.0,0.0,1.0,0.0,0.0,0.0,0.0
[O-][N+](=O)C1=CC=C(OC2=C(Cl)C=C(Cl)C=C2)C=C1,0.0,0.0,0.0,0.0,0.0,0.0,0.0,0.0,0.0,0.0,0.0,0.0,0.0,0.0
COC(=O)C1=C(Cl)C(Cl)=C(C(=O)OC)C(Cl)=C1Cl,0.0,1.0,0.0,0.0,0.0,0.0,1.0,1.0,0.0,1.0,1.0,0.0,1.0,0.0
ClC1=CC=C(C=C1)C1=C(NC(=O)C2=C(Cl)N=CC=C2)C=CC=C1,0.0,0.0,0.0,0.0,1.0,1.0,0.0,0.0,0.0,0.0,0.0,0.0,0.0,0.0
NC(=O)CN1C(=O)C=C(CCN2CCN(CC2)C2=NC=CC3=C2C=CS3)C2=C1C=C(F)C=C2,0.0,0.0,0.0,0.0,1.0,1.0,1.0,0.0,0.0,0.0,0.0,1.0,0.0,0.0
CCNC1=NC(NC(C)C)=NC(Cl)=N1,0.0,0.0,0.0,0.0,0.0,0.0,0.0,0.0,0.0,0.0,1.0,0.0,0.0,0.0
CC(C)OC1=CC(N2N=C(OC2=O)C(C)(C)C)=C(Cl)C=C1Cl,0.0,0.0,0.0,0.0,0.0,0.0,0.0,0.0,1.0,0.0,0.0,0.0,0.0,0.0
CCC1=NN(C2CCCCC2)C2=C1C=CC(=C2)[C@]1(CC[C@@H](CC1)C(O)=O)C#N,0.0,0.0,0.0,0.0,0.0,0.0,0.0,0.0,1.0,0.0,0.0,0.0,0.0,0.0
Cl.CC1=CC2=C(C=C1C(F)(F)F)N(CC2)C(=O)NC1=CC=C(OC2=CC=CN=C2C)N=C1,0.0,0.0,0.0,0.0,1.0,1.0,1.0,0.0,0.0,0.0,0.0,1.0,0.0,0.0
Cl.Cl.COC1=CC(=CC=C1N)C1=CC=C(N)C(OC)=C1,0.0,1.0,0.0,1.0,0.0,1.0,0.0,0.0,0.0,1.0,0.0,1.0,0.0,0.0
CNC(=O)OC1=CC(C)=C(SC)C(C)=C1,0.0,1.0,1.0,1.0,1.0,0.0,0.0,0.0,0.0,1.0,0.0,0.0,1.0,0.0
Cl.CN(C)[C@H]1[C@@H]2[C@@H](O)[C@H]3C(=C(O)[C@]2(O)C(=O)C(C(N)=O)=C1O)C(=O)C1=C(C=CC=C1O)[C@@]3(C)O,0.0,0.0,0.0,0.0,1.0,0.0,1.0,0.0,0.0,0.0,0.0,0.0,0.0,0.0
C1=CC2=C(C=C1)C1=CC3=C(C=CC=C3)C3=C1C2=CC=C3,0.0,0.0,0.0,0.0,1.0,1.0,1.0,0.0,,0.0,0.0,0.0,0.0,0.0
C1=CC2=C(C=C1)C1=C3C2=CC=CC3=CC=C1,0.0,1.0,,0.0,1.0,1.0,1.0,0.0,0.0,1.0,0.0,0.0,0.0,0.0
CCOP(=S)(OC1=CC=C(C=C1)[N+]([O-])=O)C1=CC=CC=C1,0.0,0.0,1.0,1.0,1.0,1.0,0.0,0.0,0.0,0.0,0.0,1.0,0.0,0.0
CC(C)(O)C1=COC(=C1)S(=O)(=O)NC(=O)NC1=C2CCCC2=CC2=C1CCC2,0.0,0.0,1.0,1.0,1.0,1.0,0.0,0.0,0.0,0.0,1.0,0.0,1.0,0.0
CN\C(NCC1=CN=C(Cl)S1)=N/[N+]([O-])=O,0.0,0.0,0.0,0.0,0.0,0.0,0.0,0.0,0.0,0.0,0.0,0.0,0.0,0.0
C(CC1=CC=CC=C1)CC1=CC=CC=N1,0.0,0.0,0.0,0.0,0.0,0.0,1.0,0.0,0.0,0.0,0.0,0.0,1.0,0.0
CC1CC(C)(C)C2=C(C=C(C)C(=C2)C(C)=O)C1(C)C,0.0,0.0,0.0,0.0,0.0,0.0,0.0,0.0,0.0,0.0,0.0,0.0,0.0,0.0
Cl.Cl.ClC1=CC=C(NC2=C3C=CC=CC3=C(CC3=CC=NC=C3)N=N2)C=C1,1.0,0.0,0.0,0.0,0.0,0.0,0.0,0.0,0.0,1.0,0.0,1.0,0.0,1.0
CCOC(=O)CC1=CC=CC2=C1C=CC=C2,0.0,1.0,0.0,0.0,1.0,1.0,1.0,0.0,0.0,1.0,0.0,0.0,0.0,0.0
CCCCC(CC)COC(=O)C1=CC=C(C=C1)N(C)C,0.0,0.0,0.0,0.0,1.0,1.0,1.0,0.0,0.0,1.0,0.0,0.0,0.0,0.0
CC(C)(O)C1=CC=C(CNC(=O)C2=CC=CN=C2OC2=CC=C(F)C=C2)C=C1,0.0,0.0,0.0,0.0,0.0,0.0,0.0,0.0,0.0,0.0,1.0,1.0,1.0,0.0
CCCOC1=C(C=C(C=C1)S(=O)(=O)N1CCN(CC)CC1)C1=NC2=C(CC)N(CC3=CC=CC=N3)N=C2C(=O)N1,0.0,0.0,0.0,0.0,0.0,0.0,0.0,0.0,0.0,0.0,0.0,0.0,0.0,0.0
CN(C)C(=O)NC1=CC=CC(=C1)C(F)(F)F,0.0,1.0,0.0,0.0,0.0,0.0,1.0,1.0,0.0,1.0,0.0,0.0,0.0,0.0
CCCCC\C=C/CCC=O,0.0,0.0,0.0,0.0,0.0,0.0,0.0,0.0,0.0,0.0,0.0,0.0,0.0,0.0
CCNC1=NC(NC(C)(C)C#N)=NC(Cl)=N1,0.0,0.0,1.0,1.0,0.0,0.0,0.0,1.0,1.0,0.0,1.0,0.0,1.0,0.0
CCOC1=NC2=C(NC=C(C(=O)NCC3=CC=CC=C3)C2=O)C=C1,0.0,1.0,0.0,0.0,1.0,0.0,1.0,0.0,1.0,0.0,0.0,1.0,0.0,0.0
CCSC(=O)N1CCCCCC1,0.0,0.0,0.0,0.0,0.0,0.0,0.0,0.0,0.0,0.0,0.0,0.0,0.0,0.0
CCOP(=O)(NC(C)C)OC1=CC=C(SC)C(C)=C1,0.0,1.0,0.0,0.0,1.0,1.0,0.0,0.0,0.0,1.0,0.0,1.0,0.0,0.0
NNC(=S)NN,0.0,0.0,0.0,0.0,1.0,0.0,1.0,0.0,0.0,1.0,0.0,0.0,0.0,0.0
NC1=CC=CC2=C(N)C=CC=C12,0.0,0.0,1.0,1.0,1.0,1.0,0.0,0.0,0.0,0.0,0.0,1.0,0.0,0.0
CNC(=O)OC1=CC=CC2=C1OC(C)(C)O2,0.0,0.0,1.0,1.0,0.0,0.0,0.0,0.0,0.0,0.0,1.0,0.0,0.0,0.0
CC(C)=CC1C(C(=O)OC2CC(=O)C(CC#C)=C2C)C1(C)C,0.0,0.0,0.0,0.0,0.0,0.0,0.0,0.0,0.0,0.0,0.0,0.0,0.0,0.0
CCOP(=S)(OCC)SCN1C(=O)OC2=CC(Cl)=CC=C12,1.0,1.0,1.0,0.0,1.0,0.0,0.0,1.0,0.0,1.0,0.0,0.0,0.0,1.0
CN(C)C(=O)OC1=C(C)C(C)=NC(=N1)N(C)C,0.0,0.0,0.0,0.0,0.0,0.0,0.0,0.0,0.0,0.0,0.0,0.0,0.0,0.0
Cl.CNC(=O)OC1=CC=CC(=C1)N=CN(C)C,0.0,0.0,1.0,1.0,0.0,0.0,0.0,0.0,0.0,0.0,0.0,0.0,0.0,0.0
ClC1=C(C=CC=C1)C(N1C=CN=C1)(C1=CC=CC=C1)C1=CC=CC=C1,1.0,1.0,,0.0,1.0,1.0,1.0,0.0,,1.0,0.0,1.0,0.0,1.0
FC(F)(F)C1=CN=C(CNC(=O)C2=C(Cl)C=CC=C2Cl)C(Cl)=C1,0.0,1.0,0.0,0.0,1.0,1.0,1.0,0.0,0.0,1.0,0.0,1.0,0.0,0.0
[Na+].[Na+].C[C@@H]1C[C@H]2[C@@H]3CCC4=CC(=O)C=C[C@]4(C)[C@@]3(F)[C@@H](O)C[C@]2(C)[C@@]1(O)C(=O)COP([O-])([O-])=O,0.0,1.0,0.0,0.0,1.0,0.0,1.0,1.0,0.0,1.0,0.0,0.0,0.0,0.0
CC(C)(NC(=O)C1=CC(Cl)=CC(Cl)=C1)C#C,1.0,0.0,0.0,0.0,1.0,1.0,1.0,0.0,0.0,1.0,0.0,0.0,0.0,1.0
ClC(Cl)C(Cl)(Cl)SN1C(=O)C2CC=CCC2C1=O,0.0,0.0,0.0,0.0,0.0,0.0,0.0,0.0,0.0,0.0,0.0,0.0,0.0,0.0
OC1CCC(CC1)C1CCCCC1,0.0,1.0,0.0,0.0,0.0,0.0,0.0,0.0,0.0,1.0,0.0,0.0,0.0,0.0
CCCCCCCCC(=O)NCC1=CC(OC)=C(O)C=C1,0.0,0.0,0.0,0.0,0.0,0.0,0.0,0.0,0.0,0.0,0.0,0.0,0.0,0.0
CCCCCCCCCCCCCN1CC(C)OC(C)C1,0.0,0.0,0.0,0.0,1.0,1.0,1.0,0.0,0.0,0.0,0.0,0.0,0.0,0.0
Cl.CN(C)C1=CC=C(C=C1)C(=N)C1=CC=C(C=C1)N(C)C,0.0,0.0,0.0,0.0,1.0,0.0,1.0,0.0,0.0,0.0,0.0,0.0,0.0,0.0
NC1=CC=C(OC2=CC(OC3=CC=C(N)C=C3)=CC=C2)C=C1,0.0,0.0,1.0,1.0,1.0,0.0,0.0,0.0,,0.0,0.0,1.0,0.0,0.0
CCN(CC)C1=CC=C(C=C1)\N=N\C1=CC=CC=C1,0.0,0.0,0.0,0.0,1.0,1.0,0.0,0.0,,1.0,0.0,0.0,0.0,0.0
CCOP(=S)(OCC)SCCS(=O)(=O)CC,0.0,0.0,1.0,1.0,0.0,0.0,0.0,0.0,0.0,0.0,0.0,0.0,0.0,0.0
CCOP(=S)(NC(C)C)OC1=CC=CC=C1C(=O)OC(C)C,0.0,0.0,1.0,1.0,1.0,0.0,0.0,1.0,0.0,1.0,0.0,0.0,0.0,0.0
FC1=CC=C(CC2CCN(CCS(=O)C3=CC=C4NC(=O)OC4=C3)CC2)C=C1,0.0,1.0,0.0,0.0,1.0,0.0,1.0,0.0,0.0,1.0,0.0,1.0,0.0,0.0
CCOC1=NC(=NS1)C(Cl)(Cl)Cl,0.0,0.0,0.0,0.0,0.0,0.0,0.0,0.0,0.0,0.0,1.0,0.0,0.0,0.0
CC(C)=CC1C(C(=O)OCC2=CC=CC(OC3=CC=CC=C3)=C2)C1(C)C,0.0,0.0,0.0,0.0,1.0,0.0,1.0,0.0,0.0,1.0,0.0,1.0,0.0,0.0
CCCCCCCCCC[N+](C)(C)[O-],0.0,0.0,0.0,0.0,1.0,0.0,1.0,0.0,0.0,1.0,0.0,0.0,0.0,0.0
OC12N=C(SC1CC1=CC(Cl)=CC=C21)C1=CC=CC=C1,0.0,0.0,0.0,0.0,1.0,1.0,0.0,0.0,0.0,0.0,0.0,1.0,0.0,0.0
CCOP(=S)(OCC)SCN1N=NC2=CC=CC=C2C1=O,0.0,0.0,1.0,1.0,0.0,0.0,0.0,1.0,0.0,1.0,0.0,0.0,0.0,0.0
CN(C)C(=O)NC1(CCN(CCC[C@]2(CCCN(C2)C(=O)C2=CC=CC=C2)C2=CC(Cl)=C(Cl)C=C2)CC1)C1=CC=CC=C1,0.0,0.0,0.0,0.0,0.0,0.0,0.0,0.0,0.0,0.0,0.0,0.0,0.0,0.0
ClC(Cl)(Cl)C(NC=O)N1CCN(CC1)C(NC=O)C(Cl)(Cl)Cl,0.0,1.0,0.0,0.0,1.0,0.0,0.0,0.0,0.0,1.0,0.0,1.0,0.0,0.0
COC1=CC(Cl)=C(OC)C=C1Cl,0.0,0.0,0.0,0.0,0.0,0.0,0.0,0.0,0.0,0.0,0.0,0.0,0.0,0.0
CN(C)C(=O)C=C,0.0,0.0,0.0,0.0,0.0,0.0,0.0,0.0,,0.0,0.0,0.0,0.0,0.0
CC1=C(N)C(N)=CC=C1,0.0,0.0,1.0,1.0,0.0,0.0,0.0,0.0,1.0,0.0,1.0,0.0,1.0,0.0
CC(COCC(C)OC(=O)C1=CC=CC=C1)OC(=O)C1=CC=CC=C1,0.0,0.0,0.0,0.0,0.0,0.0,0.0,0.0,0.0,0.0,0.0,0.0,0.0,0.0
CNC1=C(Cl)C(=O)N(N=C1)C1=CC=CC(=C1)C(F)(F)F,0.0,0.0,0.0,0.0,0.0,0.0,0.0,0.0,0.0,0.0,1.0,0.0,1.0,0.0
CCN(CC)C(=O)SCC1=CC=C(Cl)C=C1,0.0,1.0,0.0,0.0,1.0,1.0,0.0,0.0,0.0,1.0,0.0,0.0,0.0,0.0
CC(=O)NC1=CC=C(C=C1)\N=N\C1=C(O)C=CC(C)=C1,0.0,1.0,1.0,1.0,1.0,0.0,0.0,0.0,0.0,1.0,0.0,0.0,0.0,0.0
CC1=CC(C)=C(C2=C(OC(=O)CC(C)(C)C)C3(CCCC3)OC2=O)C(C)=C1,1.0,1.0,0.0,0.0,1.0,0.0,1.0,0.0,0.0,1.0,0.0,1.0,0.0,0.0
CC1=C(O)C=C(N)C=C1,0.0,0.0,1.0,1.0,0.0,0.0,0.0,0.0,0.0,0.0,1.0,0.0,1.0,0.0
CC1=CC(NC(=O)C(O)=O)=CC(C)=C1OC1=CC=C(O)C2=C1CCC2,0.0,0.0,1.0,1.0,0.0,0.0,0.0,1.0,0.0,1.0,0.0,0.0,0.0,0.0
CCOP(=S)(OCC)OC1=NC(Cl)=C(Cl)C=C1Cl,0.0,1.0,1.0,0.0,1.0,0.0,0.0,0.0,0.0,1.0,0.0,1.0,0.0,0.0
CCN(CC)C1=NC(OP(=S)(OC)OC)=CC(C)=N1,0.0,1.0,1.0,0.0,0.0,0.0,0.0,1.0,0.0,1.0,1.0,0.0,1.0,0.0
CCCCCCCC[Si](OCC)(OCC)OCC,0.0,0.0,0.0,0.0,0.0,0.0,0.0,0.0,0.0,0.0,0.0,0.0,0.0,0.0
OC1=CC=C(C=C1)C(C1=CC=C(O)C=C1)C(Cl)(Cl)Cl,1.0,1.0,0.0,0.0,1.0,,1.0,,,1.0,0.0,1.0,0.0,1.0
COP(=S)(OC)OC1=CC=C(C=C1)[N+]([O-])=O,0.0,0.0,1.0,1.0,1.0,1.0,0.0,0.0,0.0,0.0,0.0,1.0,0.0,0.0
BrC1=CC=C(OC(=O)N2CCN3CCC2CC3)C=C1,0.0,1.0,,0.0,1.0,1.0,1.0,0.0,0.0,1.0,0.0,0.0,0.0,0.0
C\C(\C=C\C1=C(C)CCCC1(C)C)=C/C=C/C(/C)=C/C(O)=O,0.0,0.0,1.0,0.0,0.0,0.0,0.0,1.0,0.0,1.0,0.0,0.0,0.0,0.0
OCCC(O)CO,0.0,0.0,0.0,0.0,0.0,0.0,0.0,0.0,0.0,0.0,0.0,0.0,0.0,0.0
CCOP(=O)(OCC)OC1=CC=C(C=C1)[N+]([O-])=O,0.0,0.0,0.0,1.0,1.0,1.0,0.0,0.0,0.0,0.0,0.0,1.0,0.0,0.0
CSC1=C(C)C=C(O)C=C1,0.0,1.0,0.0,0.0,0.0,0.0,0.0,0.0,0.0,1.0,1.0,0.0,1.0,0.0
CCNP(=S)(OC)O\C(C)=C\C(=O)OC(C)C,0.0,1.0,1.0,0.0,1.0,0.0,0.0,1.0,0.0,1.0,0.0,0.0,0.0,0.0
CCC(C)N1C(=O)NC(C)=C(Br)C1=O,0.0,0.0,0.0,0.0,0.0,0.0,0.0,0.0,0.0,0.0,0.0,0.0,0.0,0.0
OC(=O)C1=C(O)C2=CC=CC=C2C(O)=C1,0.0,0.0,1.0,0.0,0.0,0.0,0.0,1.0,0.0,0.0,0.0,0.0,0.0,0.0
C[C@@H]1CC[C@H]2C(C)(C)[C@H]3C[C@@]12CC(C(C)=O)=C3C,0.0,0.0,0.0,0.0,0.0,0.0,0.0,0.0,0.0,0.0,0.0,0.0,0.0,0.0
CC12CC1(C)C(=O)N(C2=O)C1=CC(Cl)=CC(Cl)=C1,0.0,1.0,0.0,0.0,1.0,0.0,1.0,0.0,0.0,1.0,0.0,0.0,0.0,0.0
CN(C)C(=O)NC1=CC(Cl)=C(Cl)C=C1,0.0,1.0,0.0,0.0,1.0,0.0,1.0,0.0,0.0,1.0,0.0,0.0,0.0,0.0
CON(C)C(=O)NC1=CC=C(Cl)C(Cl)=C1,0.0,0.0,0.0,0.0,0.0,0.0,1.0,0.0,0.0,1.0,0.0,0.0,0.0,0.0
CCOP(=S)(OCC)OC1=NC(=NC(C)=C1)C(C)C,0.0,1.0,1.0,1.0,1.0,0.0,0.0,0.0,0.0,1.0,1.0,1.0,1.0,0.0
CCC(C)NC1=C(C=C(C=C1[N+]([O-])=O)C(C)(C)C)[N+]([O-])=O,0.0,1.0,0.0,0.0,1.0,1.0,1.0,0.0,0.0,1.0,0.0,1.0,0.0,0.0
OC1=C(OC2=CC=C(Cl)C=C2Cl)C=CC(Cl)=C1,0.0,0.0,0.0,0.0,0.0,0.0,0.0,0.0,0.0,0.0,0.0,0.0,0.0,0.0
CO[Si](CCC1CCC2OC2C1)(OC)OC,0.0,0.0,0.0,0.0,0.0,0.0,0.0,0.0,0.0,0.0,0.0,0.0,0.0,0.0
ClC(Cl)=C(C1=CC=C(Cl)C=C1)C1=C(Cl)C=CC=C1,0.0,0.0,0.0,0.0,0.0,0.0,1.0,0.0,0.0,1.0,0.0,0.0,0.0,0.0
CCN1N=C(C)C2=C1C(=O)NCC(=N2)C1=CC=C(O)C=C1,0.0,0.0,1.0,1.0,0.0,1.0,0.0,0.0,1.0,0.0,1.0,0.0,1.0,0.0
CC(C)N(CC1=CC=CC=C1)C(=O)C(C)(C)C,0.0,1.0,0.0,0.0,1.0,0.0,0.0,0.0,0.0,0.0,0.0,1.0,0.0,0.0
CCCSP(=S)(OCC)OC1=CC=C(SC)C=C1,0.0,1.0,1.0,1.0,1.0,1.0,0.0,0.0,0.0,1.0,0.0,0.0,0.0,0.0
ClC1=CC(Cl)=C(C=C1)C(CN1C=CN=C1)OCC=C,1.0,1.0,1.0,1.0,1.0,0.0,0.0,0.0,0.0,1.0,0.0,1.0,0.0,0.0
NC1=CC(=C(F)C=C1)[N+]([O-])=O,0.0,0.0,1.0,1.0,0.0,1.0,0.0,0.0,0.0,0.0,0.0,0.0,0.0,0.0
CC(C)NC(=O)N1CC(=O)N(C1=O)C1=CC(Cl)=CC(Cl)=C1,0.0,1.0,0.0,0.0,1.0,1.0,1.0,0.0,0.0,1.0,0.0,1.0,0.0,0.0
CC[C@H]1CC[C@H](NCC2=CC3=C(C=C2OC)[C@H]2C[C@H]2C(=O)N3C)[C@@H](N1)C1=CC=CC=C1,1.0,0.0,0.0,0.0,0.0,0.0,0.0,0.0,0.0,1.0,0.0,0.0,0.0,1.0
CC1(C)CC(CC(C)(CN=C=O)C1)N=C=O,0.0,0.0,0.0,0.0,0.0,0.0,0.0,0.0,0.0,0.0,0.0,0.0,0.0,0.0
CCCSP(=O)(OCC)OC1=C(Cl)C=C(Br)C=C1,0.0,0.0,0.0,0.0,0.0,0.0,0.0,0.0,0.0,0.0,0.0,0.0,0.0,0.0
CCC1=CC(=C(O)C(=C1)C(C)(C)C)C(C)(C)C,0.0,0.0,0.0,0.0,0.0,0.0,0.0,0.0,0.0,0.0,0.0,0.0,0.0,0.0
OC1=C(CC=C)C=C(C=C1)S(=O)(=O)C1=CC(CC=C)=C(O)C=C1,0.0,0.0,1.0,1.0,1.0,1.0,0.0,0.0,0.0,0.0,0.0,1.0,0.0,0.0
CCOP(=S)(OCC)OC1=NN(C(C)C)C(Cl)=N1,0.0,1.0,1.0,1.0,0.0,0.0,0.0,0.0,0.0,1.0,1.0,0.0,0.0,0.0
CC(=O)O[C@@]1(CC[C@H]2[C@@H]3C=C(Cl)C4=CC(=O)[C@@H]5C[C@@H]5[C@]4(C)[C@H]3CC[C@]12C)C(C)=O,0.0,0.0,0.0,0.0,1.0,1.0,1.0,0.0,1.0,0.0,0.0,1.0,0.0,0.0
CCOC1=CC(OC2=CC=C(C=C2Cl)C(F)(F)F)=CC=C1[N+]([O-])=O,1.0,0.0,0.0,0.0,0.0,0.0,0.0,0.0,0.0,0.0,0.0,0.0,1.0,0.0
NC1=NC(Cl)=NC2=C1N=CN2[C@H]1C[C@H](O)[C@@H](CO)O1,0.0,0.0,,0.0,0.0,1.0,0.0,0.0,1.0,0.0,1.0,0.0,0.0,0.0
CC(C)(C)C(=O)C(OC1=CC=C(Cl)C=C1)N1C=NC=N1,1.0,1.0,0.0,0.0,1.0,0.0,1.0,0.0,0.0,1.0,0.0,1.0,0.0,1.0
COC1=CC(OC)=C(C=C1)S(=O)(=O)N1C(=O)[C@@](N2C[C@H](O)C[C@H]2C(=O)N(C)C)(C2=CC(Cl)=CC=C12)C1=CC=CC=C1OC,0.0,0.0,0.0,1.0,0.0,0.0,0.0,0.0,1.0,0.0,0.0,0.0,0.0,0.0
C[C@@H]1[C@@H]2NC[C@@H](C)C[C@H]2O[C@]11CC[C@H]2[C@@H]3CC=C4C[C@@H](O)CC[C@]4(C)[C@H]3CC2=C1C,0.0,0.0,0.0,0.0,0.0,0.0,0.0,0.0,0.0,0.0,0.0,1.0,0.0,0.0
C[C@@H](OC1=CC=C(CNC(=O)C2=CC=CN=C2OC2=CC=C3OCOC3=C2)C(F)=C1)C(O)=O,0.0,0.0,0.0,0.0,0.0,0.0,0.0,0.0,0.0,0.0,1.0,0.0,1.0,0.0
CCCCCCCCN(C)CCCCCCCC,0.0,0.0,0.0,0.0,1.0,0.0,1.0,0.0,0.0,0.0,0.0,0.0,0.0,0.0
OC1=CC=C(C=C1)C1=COC2=C(C(O)=CC(O)=C2)C1=O,0.0,1.0,0.0,0.0,1.0,,1.0,,1.0,1.0,1.0,1.0,1.0,0.0
O=C(CC1=CC=CC=C1)C1=CC=CC=C1,0.0,0.0,0.0,0.0,0.0,0.0,1.0,0.0,0.0,1.0,0.0,0.0,0.0,0.0
NC1=CC=CN=C1N,0.0,0.0,0.0,0.0,0.0,0.0,0.0,0.0,0.0,0.0,0.0,0.0,0.0,0.0
OC(=O)C1=CC(=CC=C1)N(CC1=CN=CC=C1)C1=CC=C(OC(F)F)C(OC(F)F)=C1,0.0,0.0,0.0,1.0,1.0,0.0,0.0,0.0,1.0,0.0,0.0,0.0,0.0,0.0
CC(C)=CCCC(C)=CCCC(C)=CCO,0.0,1.0,0.0,0.0,1.0,0.0,1.0,0.0,0.0,1.0,0.0,1.0,0.0,1.0
CCOCOCC,0.0,0.0,0.0,0.0,0.0,0.0,0.0,0.0,0.0,0.0,0.0,0.0,0.0,0.0
COC(=O)C1=C(O)C(C)=C(O)C=C1C,0.0,1.0,1.0,1.0,1.0,0.0,0.0,0.0,0.0,1.0,0.0,0.0,0.0,0.0
CCOP(=O)(OCC)OC(=CCl)C1=C(Cl)C=C(Cl)C=C1,0.0,0.0,0.0,0.0,1.0,1.0,1.0,0.0,,0.0,0.0,1.0,0.0,0.0
C[C@]12CC[C@H]3C(=CCC4=C3C=CC(O)=C4)[C@@H]1CCC2=O,1.0,1.0,,0.0,1.0,1.0,1.0,0.0,1.0,1.0,0.0,1.0,1.0,0.0
OC1=CC2=C(C(O)=C1)C(=O)C=C(O2)C1=CC=CC=C1,1.0,1.0,1.0,1.0,0.0,0.0,0.0,1.0,1.0,0.0,0.0,0.0,0.0,1.0
OC1=CC=C(C=C1)C1=COC2=C(C=CC(O)=C2)C1=O,0.0,1.0,,0.0,1.0,,1.0,,1.0,1.0,0.0,1.0,0.0,0.0
COC1=CC=C(C=C1)C1=COC2=C(C(O)=CC(O)=C2)C1=O,0.0,0.0,0.0,0.0,1.0,1.0,1.0,0.0,1.0,1.0,0.0,1.0,0.0,0.0
CC1=CC=C(N)C(N)=C1,0.0,0.0,0.0,0.0,0.0,0.0,0.0,0.0,0.0,0.0,0.0,0.0,0.0,0.0
CC1=C(C=C(C(O)=C1)C(C)(C)C)C(C)(C)C,0.0,0.0,0.0,0.0,0.0,0.0,0.0,0.0,,0.0,0.0,0.0,0.0,0.0
CC(CC1=CC(O)=C(O)C=C1)C(C)CC1=CC=C(O)C(O)=C1,0.0,1.0,1.0,1.0,1.0,1.0,0.0,1.0,0.0,1.0,0.0,1.0,0.0,0.0
CC(C)[C@@H](C)\C=C\[C@@H](C)[C@H]1CC[C@H]2\C(CCC[C@]12C)=C\C=C1\C[C@@H](O)CCC1=C,0.0,1.0,1.0,0.0,1.0,0.0,1.0,1.0,,1.0,0.0,1.0,0.0,0.0
C[C@]12C[C@H](O)[C@H]3[C@@H](CCC4=CC(=O)CC[C@]34C)[C@@H]1CC[C@@H]2C(=O)CO,0.0,0.0,0.0,0.0,1.0,0.0,1.0,0.0,1.0,0.0,0.0,0.0,0.0,0.0
C[C@]12CC[C@H]3[C@@H](CCC4=C3C=CC(O)=C4)[C@@H]1C[C@@H](O)[C@@H]2O,0.0,0.0,0.0,0.0,0.0,0.0,0.0,1.0,1.0,1.0,1.0,0.0,1.0,0.0
C[C@]12CC[C@H]3[C@@H](CCC4=CC(O)=CC=C34)[C@@H]1CC[C@@H]2O,0.0,0.0,0.0,0.0,1.0,1.0,1.0,0.0,1.0,0.0,1.0,1.0,1.0,0.0
OC(=O)CC(O)(CC(O)=O)C(O)=O.CCN(CC)CCOC1=CC=C(C=C1)C(=C(Cl)C1=CC=CC=C1)C1=CC=CC=C1,0.0,1.0,,0.0,1.0,1.0,1.0,0.0,,1.0,0.0,0.0,0.0,0.0
OCCCO,0.0,0.0,0.0,0.0,1.0,0.0,1.0,1.0,0.0,1.0,0.0,1.0,0.0,0.0
CC1(OC(=O)N(C1=O)C1=CC(Cl)=CC(Cl)=C1)C=C,0.0,1.0,0.0,0.0,1.0,1.0,1.0,0.0,0.0,1.0,0.0,0.0,0.0,0.0
OC(=O)C1=C(C=CC(OC2=CC=C(C=C2Cl)C(F)(F)F)=C1)[N+]([O-])=O,0.0,0.0,0.0,0.0,0.0,0.0,0.0,0.0,0.0,0.0,0.0,0.0,0.0,0.0
CC1=C(C)C(NC2=NC(SCC(O)=O)=NC(Cl)=C2)=CC=C1,0.0,0.0,0.0,0.0,1.0,0.0,1.0,0.0,0.0,0.0,0.0,0.0,0.0,0.0
CCCCOCCOCCOCC1=CC2=C(OCO2)C=C1CCC,0.0,0.0,0.0,0.0,0.0,1.0,0.0,0.0,0.0,0.0,0.0,0.0,0.0,0.0
CCCCCCCCCCCCCOP(O)(O)=O,0.0,0.0,0.0,0.0,0.0,0.0,0.0,0.0,0.0,0.0,0.0,0.0,0.0,0.0
COCCC1=CC=C(OCC(O)CNC(C)C)C=C1,0.0,1.0,0.0,0.0,1.0,1.0,1.0,0.0,0.0,1.0,0.0,0.0,0.0,0.0
CC(C)C(C(=O)OC(C#N)C1=CC=CC(OC2=CC=CC=C2)=C1)C1=CC=C(Cl)C=C1,0.0,0.0,0.0,0.0,1.0,0.0,1.0,0.0,0.0,0.0,0.0,1.0,0.0,0.0
BrCC1=CC=CC(OC2=CC=CC=C2)=C1,0.0,1.0,0.0,0.0,0.0,0.0,1.0,1.0,0.0,1.0,1.0,0.0,1.0,0.0
CC(=O)S[C@@H]1CC2=CC(=O)CC[C@]2(C)[C@H]2CC[C@@]3(C)[C@@H](CC[C@@]33CCC(=O)O3)[C@H]12,0.0,1.0,0.0,0.0,1.0,0.0,0.0,0.0,1.0,1.0,0.0,1.0,0.0,0.0
OC1=CC=C(C=C1)C1=CC(=O)C2=C(O1)C=C(O)C=C2O,0.0,0.0,0.0,1.0,1.0,1.0,0.0,0.0,0.0,0.0,0.0,0.0,0.0,0.0
C[C@]12CC[C@H]3[C@@H](CC[C@H]4CC(=O)CC[C@]34C)[C@@H]1CC[C@@H]2O,1.0,0.0,1.0,0.0,1.0,0.0,0.0,1.0,,1.0,0.0,1.0,0.0,1.0
CC1(C)C(C=C(Cl)Cl)C1C(=O)OC(C#N)C1=CC=CC(OC2=CC=CC=C2)=C1,0.0,0.0,0.0,0.0,0.0,0.0,0.0,0.0,0.0,0.0,0.0,0.0,0.0,0.0
CC1=C(SCCO1)C(=O)NC1=CC=CC=C1,0.0,0.0,0.0,0.0,0.0,0.0,0.0,0.0,0.0,0.0,1.0,0.0,1.0,0.0
CC1(C)C(C=C(Cl)Cl)C1C(=O)OCC1=CC(OC2=CC=CC=C2)=CC=C1,0.0,0.0,0.0,0.0,1.0,0.0,1.0,0.0,,0.0,0.0,1.0,0.0,0.0
CC1=CC=CC(C)=C1C,0.0,0.0,0.0,0.0,0.0,0.0,0.0,0.0,0.0,0.0,0.0,0.0,0.0,0.0
C[C@]12CC[C@H]3[C@@H](CCC4=CCCC[C@H]34)[C@@H]1CC[C@]2(O)C#C,0.0,1.0,0.0,0.0,1.0,0.0,1.0,1.0,0.0,1.0,0.0,1.0,0.0,0.0
OC1(CCN(CCCC(=O)C2=CC=C(F)C=C2)CC1)C1=CC=C(Cl)C=C1,0.0,1.0,,0.0,1.0,0.0,1.0,0.0,0.0,1.0,0.0,0.0,0.0,0.0
C[C@]12CC(=O)[C@H]3[C@@H](CCC4=CC(=O)C=C[C@]34C)[C@@H]1CC[C@]2(O)C(=O)CO,0.0,0.0,0.0,0.0,0.0,0.0,0.0,1.0,0.0,0.0,0.0,0.0,0.0,0.0
OC1=C2C=CC3=CC=CC4=CC=C(C=C1)C2=C34,0.0,1.0,0.0,0.0,1.0,0.0,0.0,0.0,0.0,1.0,0.0,1.0,0.0,0.0
C[C@]12CC[C@H]3[C@@H](CCC4=C3C=CC(O)=C4)[C@@H]1CCC2=O,0.0,1.0,,0.0,1.0,,1.0,,1.0,1.0,1.0,1.0,1.0,0.0
C[C@]12CC[C@H]3[C@@H](CC[C@H]4C[C@H](O)CC[C@]34C)[C@@H]1CCC2=O,1.0,0.0,1.0,1.0,0.0,0.0,0.0,1.0,0.0,1.0,0.0,0.0,0.0,1.0
C[C@]12CC[C@H]3[C@@H](CC=C4C[C@@H](O)CC[C@]34C)[C@@H]1CCC2=O,0.0,0.0,0.0,1.0,1.0,0.0,0.0,0.0,1.0,0.0,0.0,1.0,0.0,0.0
COC1=CC2=C(C=C1)N(C(=O)C1=CC=C(Cl)C=C1)C(C)=C2CC(O)=O,0.0,0.0,0.0,0.0,0.0,0.0,0.0,0.0,0.0,0.0,0.0,0.0,0.0,0.0
C1CCC(CC1)N=C=NC1CCCCC1,0.0,0.0,0.0,0.0,0.0,0.0,0.0,0.0,0.0,0.0,0.0,0.0,0.0,0.0
CC(C)=CCCC(C)=CC=O,0.0,0.0,0.0,0.0,1.0,0.0,0.0,0.0,0.0,0.0,0.0,1.0,0.0,0.0
OC1=CC=C(I)C=C1,0.0,0.0,1.0,1.0,1.0,1.0,0.0,0.0,0.0,0.0,0.0,0.0,1.0,0.0
CN1CCC[C@H]1C1=CN=CC=C1,0.0,1.0,0.0,0.0,0.0,0.0,0.0,1.0,0.0,1.0,0.0,1.0,0.0,0.0
CC(C)CCOCCC(C)C,0.0,0.0,0.0,0.0,0.0,0.0,0.0,0.0,0.0,0.0,0.0,0.0,0.0,0.0
OC(=O)CC(O)(CC(O)=O)C(O)=O.CC\C(=C(/C1=CC=CC=C1)C1=CC=C(OCCN(C)C)C=C1)C1=CC=CC=C1,0.0,0.0,0.0,0.0,1.0,1.0,1.0,0.0,0.0,0.0,0.0,0.0,0.0,0.0
CC(C)(C)C(O)C(OC1=CC=C(C=C1)C1=CC=CC=C1)N1C=NC=N1,0.0,1.0,,0.0,1.0,1.0,1.0,0.0,,1.0,0.0,0.0,0.0,0.0
CC(C)(C)C(O)C(OC1=CC=C(Cl)C=C1)N1C=NC=N1,1.0,0.0,0.0,0.0,1.0,1.0,1.0,0.0,0.0,1.0,0.0,1.0,0.0,1.0
CC1=C(C)S(=O)(=O)CCS1(=O)=O,0.0,0.0,1.0,0.0,0.0,0.0,0.0,1.0,0.0,0.0,0.0,0.0,0.0,0.0
C1=CC(=CC=N1)C1=CC=NC=C1,0.0,0.0,0.0,0.0,0.0,0.0,0.0,0.0,0.0,0.0,0.0,0.0,0.0,0.0
COP(=S)(OC)OC1=CC(C)=C(SC)C=C1,0.0,1.0,1.0,1.0,1.0,0.0,0.0,0.0,0.0,1.0,1.0,0.0,0.0,0.0
COP(=S)(OC)OC1=NC(Cl)=C(Cl)C=C1Cl,0.0,0.0,0.0,0.0,0.0,0.0,0.0,0.0,0.0,0.0,0.0,0.0,0.0,0.0
CCOP(=S)(OCC)SCSP(=S)(OCC)OCC,0.0,1.0,1.0,1.0,1.0,1.0,0.0,0.0,0.0,1.0,0.0,0.0,0.0,0.0
CCOP(=S)(OCC)OC1=CC=C(C=C1)[N+]([O-])=O,0.0,0.0,1.0,1.0,1.0,1.0,0.0,0.0,0.0,0.0,1.0,1.0,1.0,0.0
C1=CC2=C(C=C1)C=C1C(C=CC3=C1C=CC=C3)=C2,0.0,1.0,0.0,0.0,0.0,0.0,1.0,0.0,0.0,1.0,1.0,0.0,1.0,0.0
CCOP(=S)(OCC)OC1=CC2=C(C=C1)C(C)=C(Cl)C(=O)O2,0.0,0.0,1.0,1.0,1.0,1.0,0.0,0.0,0.0,0.0,1.0,0.0,1.0,0.0
O=C1NC(=O)C(N1)(C1=CC=CC=C1)C1=CC=CC=C1,0.0,0.0,0.0,0.0,0.0,0.0,0.0,0.0,0.0,0.0,0.0,1.0,0.0,0.0
C[C@]12CC[C@H]3[C@@H](CCC4=CC(O)=CC=C34)[C@@H]1CC[C@@]2(O)C#C,0.0,0.0,0.0,0.0,1.0,1.0,1.0,0.0,1.0,0.0,0.0,1.0,0.0,0.0
CC(=O)[C@H]1CC[C@H]2[C@@H]3CCC4=CC(=O)CC[C@]4(C)[C@H]3CC[C@]12C,0.0,0.0,1.0,0.0,0.0,0.0,0.0,1.0,1.0,0.0,0.0,0.0,0.0,0.0
COCC(=O)N(C(C)C(=O)OC)C1=C(C)C=CC=C1C,0.0,0.0,0.0,0.0,0.0,0.0,0.0,0.0,0.0,0.0,0.0,0.0,0.0,0.0
CCC(=O)O[C@H]1CC[C@H]2[C@@H]3CCC4=CC(=O)CC[C@]4(C)[C@H]3CC[C@]12C,1.0,0.0,1.0,1.0,1.0,0.0,0.0,1.0,1.0,0.0,0.0,1.0,1.0,0.0
C[C@]12CC[C@H]3[C@@H](CCC4=C3C=CC(O)=C4)[C@@H]1CC[C@H]2O,0.0,0.0,,0.0,1.0,1.0,1.0,0.0,1.0,0.0,1.0,1.0,1.0,0.0
CC1=C2C=CC=CC2=C(C)C2=C3C=CC=CC3=CC=C12,0.0,0.0,0.0,0.0,0.0,0.0,0.0,0.0,0.0,0.0,1.0,0.0,1.0,0.0
OC1=CC=CC(=C1)C1=CC=CC=C1,0.0,0.0,1.0,1.0,1.0,1.0,0.0,0.0,0.0,0.0,0.0,0.0,1.0,0.0
C[C@]1(O)CC[C@H]2[C@@H]3CCC4=CC(=O)CC[C@]4(C)[C@H]3CC[C@]12C,1.0,0.0,0.0,1.0,1.0,0.0,0.0,0.0,1.0,0.0,0.0,1.0,0.0,1.0
CC(C)=CC1C(C(=O)OC2CC(=O)C(CC=C)=C2C)C1(C)C,0.0,0.0,0.0,0.0,0.0,0.0,0.0,0.0,0.0,0.0,0.0,0.0,0.0,0.0
CC1=CC=C(C=C1N=C=O)N=C=O,0.0,0.0,0.0,0.0,0.0,1.0,0.0,0.0,0.0,0.0,0.0,0.0,0.0,0.0
CCNC1=NC(NC(C)(C)C)=NC(Cl)=N1,0.0,0.0,1.0,0.0,0.0,0.0,0.0,0.0,1.0,0.0,1.0,0.0,0.0,0.0
NC1=CC=C(C=C1)\N=N\C1=CC=CC=C1,0.0,1.0,1.0,1.0,1.0,1.0,0.0,0.0,0.0,1.0,0.0,1.0,1.0,0.0
CC1=CC=CC(=C1[N+]([O-])=O)[N+]([O-])=O,0.0,0.0,1.0,0.0,0.0,0.0,0.0,1.0,0.0,0.0,0.0,0.0,0.0,0.0
CC1=C(C=CC=C1[N+]([O-])=O)[N+]([O-])=O,0.0,0.0,0.0,0.0,0.0,0.0,0.0,0.0,0.0,0.0,0.0,0.0,0.0,0.0
ClC1C(Cl)C(Cl)C(Cl)C(Cl)C1Cl,0.0,0.0,0.0,0.0,1.0,1.0,1.0,0.0,0.0,0.0,0.0,1.0,0.0,0.0
CC1=CC=C(C(=C1)[N+]([O-])=O)[N+]([O-])=O,0.0,0.0,0.0,0.0,0.0,0.0,0.0,0.0,0.0,0.0,0.0,0.0,0.0,0.0
Cl.Cl.CC1=C(N)C=CC(=C1)C1=CC(C)=C(N)C=C1,0.0,0.0,1.0,1.0,0.0,0.0,0.0,0.0,0.0,0.0,0.0,0.0,0.0,0.0
Cl.Cl.NC1=CC=C(C=C1Cl)C1=CC(Cl)=C(N)C=C1,0.0,0.0,0.0,0.0,0.0,0.0,0.0,0.0,0.0,0.0,0.0,0.0,0.0,0.0
O.O.O.O.[Na+].[O-]C1=C(C=CC=C1)C1=CC=CC=C1,0.0,0.0,1.0,0.0,0.0,0.0,0.0,1.0,1.0,0.0,1.0,0.0,1.0,0.0
[Cl-].CN(C)C1=CC2=[S+]C3=C(C=CC(=C3)N(C)C)N=C2C=C1,0.0,1.0,1.0,0.0,0.0,0.0,0.0,1.0,0.0,1.0,0.0,0.0,0.0,0.0
CC(C)C1=CC=CC(O)=C1,0.0,0.0,0.0,1.0,0.0,0.0,0.0,0.0,0.0,0.0,0.0,0.0,0.0,0.0
CC(C)NC1=NC(Cl)=NC(N)=N1,0.0,0.0,0.0,0.0,0.0,0.0,0.0,0.0,1.0,0.0,1.0,0.0,0.0,0.0
FAIL,0.0,0.0,0.0,0.0,1.0,1.0,0.0,0.0,0.0,0.0,0.0,0.0,0.0,0.0
COC(=O)CCCCC(=O)OC,0.0,0.0,0.0,0.0,0.0,0.0,0.0,0.0,0.0,0.0,0.0,0.0,0.0,0.0
NC1=CC(=CC=C1Cl)[N+]([O-])=O,0.0,0.0,0.0,1.0,0.0,0.0,0.0,0.0,0.0,0.0,0.0,0.0,0.0,0.0
CCN(CC1=C(Cl)C=CC=C1F)C1=C(C=C(C=C1[N+]([O-])=O)C(F)(F)F)[N+]([O-])=O,1.0,1.0,1.0,0.0,0.0,0.0,1.0,1.0,0.0,1.0,0.0,0.0,0.0,0.0
CCCCCCCCCCCCCCCO,0.0,0.0,0.0,0.0,0.0,1.0,0.0,0.0,0.0,0.0,0.0,0.0,0.0,0.0
CCCCCC(=O)O[C@@]1(CC[C@H]2[C@@H]3CCC4=CC(=O)CC[C@]4(C)[C@H]3CC[C@]12C)C(C)=O,1.0,1.0,0.0,0.0,1.0,1.0,1.0,0.0,0.0,1.0,0.0,1.0,0.0,1.0
C[C@]12CC[C@H]3[C@@H](CCC4=CC(=O)CC[C@]34C)[C@@H]1CCC2=O,0.0,0.0,1.0,1.0,1.0,1.0,0.0,0.0,1.0,0.0,0.0,1.0,0.0,0.0
CNC(=O)OC1=C2C=CC=CC2=CC=C1,0.0,1.0,0.0,0.0,0.0,0.0,1.0,0.0,0.0,0.0,1.0,0.0,1.0,0.0
OC1=CC2=C(CC3=CC=CC=C23)C=C1,0.0,1.0,1.0,1.0,1.0,0.0,0.0,1.0,0.0,1.0,0.0,1.0,1.0,0.0
CN(CCCC(=O)C1=CC=CN=C1)N=O,0.0,1.0,0.0,0.0,0.0,0.0,1.0,1.0,0.0,1.0,0.0,1.0,0.0,0.0
CCCC1=CC=C(O)C=C1,0.0,0.0,0.0,1.0,0.0,0.0,0.0,0.0,0.0,0.0,0.0,0.0,0.0,0.0
CC(=O)N1CCN(CC1)C1=CC=C(OC[C@H]2CO[C@@](CN3C=CN=C3)(O2)C2=CC=C(Cl)C=C2Cl)C=C1,1.0,1.0,0.0,0.0,1.0,0.0,1.0,1.0,0.0,1.0,0.0,1.0,0.0,0.0
NC1=NC(NC2CC2)=NC(N)=N1,0.0,0.0,0.0,0.0,0.0,0.0,0.0,0.0,0.0,0.0,0.0,0.0,0.0,0.0
CC(C)[C@H](C(=O)O[C@H](C#N)C1=CC=CC(OC2=CC=CC=C2)=C1)C1=CC=C(Cl)C=C1,0.0,0.0,0.0,0.0,0.0,1.0,1.0,0.0,0.0,0.0,0.0,0.0,0.0,0.0
CC(C)OC1=CC(NC(=O)C2=C(C=CC=C2)C(F)(F)F)=CC=C1,0.0,1.0,0.0,0.0,1.0,1.0,1.0,0.0,0.0,1.0,0.0,1.0,0.0,0.0
CC(=O)O[C@H]1[C@@H](O)[C@H]2C(C)(C)CC[C@H](O)[C@]2(C)[C@@]2(O)C(=O)C[C@@](C)(O[C@]12C)C=C,0.0,0.0,0.0,1.0,0.0,0.0,0.0,1.0,1.0,0.0,1.0,0.0,1.0,0.0
C[C@H]1C[C@H](C)C(=O)[C@@H](C1)[C@H](O)CC1CC(=O)NC(=O)C1,0.0,0.0,0.0,0.0,1.0,0.0,1.0,0.0,0.0,0.0,0.0,0.0,0.0,0.0
CC(C)C1=NN=C2C=CC(=CN12)C1=C(N=CO1)C1=CC(F)=CC=C1F,0.0,0.0,0.0,0.0,0.0,0.0,0.0,0.0,0.0,0.0,0.0,0.0,0.0,0.0
FAIL,0.0,1.0,,0.0,1.0,1.0,1.0,0.0,,1.0,0.0,1.0,0.0,0.0
CCCN(CCOC1=C(Cl)C=C(Cl)C=C1Cl)C(=O)N1C=CN=C1,1.0,1.0,1.0,0.0,1.0,0.0,0.0,1.0,0.0,1.0,0.0,1.0,0.0,1.0
C[C@]12CC[C@H]3[C@@H](CCC4=CC(=O)CC[C@H]34)[C@@H]1CC[C@@]2(O)C#C,1.0,1.0,0.0,0.0,1.0,1.0,0.0,0.0,1.0,1.0,0.0,1.0,0.0,1.0
CCCC[Sn](Cl)(Cl)CCCC,0.0,0.0,0.0,0.0,0.0,0.0,0.0,0.0,0.0,0.0,0.0,0.0,0.0,0.0
CC1(C)C(C=C(Cl)Cl)C1C(=O)OC(C#N)C1=CC=C(F)C(OC2=CC=CC=C2)=C1,0.0,0.0,0.0,0.0,0.0,0.0,0.0,0.0,0.0,0.0,1.0,0.0,1.0,0.0
CCC(=C(C1=CC=C(O)C=C1)C1=CC=C(OCCN(C)C)C=C1)C1=CC=CC=C1,0.0,0.0,0.0,0.0,1.0,1.0,1.0,0.0,0.0,0.0,0.0,0.0,0.0,0.0
[Na+].COC1=CC=C(C=C1)\N=N\C1=C(OC)C=C(\N=N\C2=CC=C(C=C2)S([O-])(=O)=O)C(C)=C1,0.0,0.0,1.0,1.0,0.0,0.0,0.0,0.0,1.0,0.0,1.0,0.0,1.0,0.0
CN1C(=O)N(CC2=CN=C(NC3=CC4=C(OC(CO)CO4)C=C3)N=C12)C1=CC=CC=C1Br,0.0,0.0,0.0,0.0,1.0,1.0,0.0,0.0,0.0,0.0,1.0,0.0,0.0,0.0
CCCOC\C(=N/C1=C(C=C(Cl)C=C1)C(F)(F)F)N1C=CN=C1,1.0,1.0,1.0,0.0,1.0,0.0,1.0,1.0,0.0,1.0,0.0,1.0,,
COC1=CC=C(CCN2CCC(CC2)NC2=NC3=CC=CC=C3N2CC2=CC=C(F)C=C2)C=C1,0.0,1.0,0.0,0.0,1.0,1.0,1.0,0.0,,1.0,0.0,1.0,0.0,0.0
CC(=O)[C@@]1(O)CC[C@H]2[C@@H]3CCC4=CC(=O)CC[C@]4(C)[C@H]3CC[C@]12C,0.0,0.0,1.0,1.0,0.0,0.0,0.0,1.0,1.0,0.0,0.0,0.0,0.0,0.0
CNC(=O)\C=C(/C)OP(=O)(OC)OC,0.0,0.0,0.0,0.0,0.0,0.0,0.0,0.0,0.0,0.0,0.0,0.0,0.0,0.0
OCC1=CNC2=C1C=CC=C2,0.0,0.0,0.0,1.0,1.0,1.0,0.0,0.0,0.0,0.0,0.0,0.0,0.0,0.0
CCC(=O)NC1=CC=C(Cl)C(Cl)=C1,0.0,1.0,0.0,0.0,0.0,0.0,1.0,1.0,0.0,1.0,0.0,0.0,0.0,0.0
CCOC(=O)[C@@H](C)OC1=CC=C(OC2=NC3=C(O2)C=C(Cl)C=C3)C=C1,0.0,0.0,1.0,1.0,0.0,0.0,0.0,1.0,1.0,0.0,0.0,0.0,0.0,0.0
FAIL,0.0,1.0,0.0,0.0,1.0,1.0,1.0,0.0,0.0,1.0,0.0,1.0,0.0,0.0
COC1=CC2=C(C=C1)[C@H]1CC[C@@]3(C)[C@@H](CC[C@@]3(O)C#C)[C@@H]1CC2,0.0,0.0,0.0,0.0,0.0,0.0,1.0,0.0,0.0,0.0,0.0,0.0,0.0,0.0
CC(C)(C)C1=CC(=CC(=C1O)C(C)(C)C)[N+]([O-])=O,0.0,1.0,0.0,0.0,1.0,0.0,1.0,0.0,0.0,1.0,0.0,1.0,0.0,0.0
CSC1=NC(NC(C)C)=NC(NC(C)C)=N1,0.0,0.0,0.0,0.0,0.0,0.0,0.0,0.0,0.0,0.0,1.0,0.0,1.0,0.0
COC1=CC2=C(NC=C2CCNC(C)=O)C=C1,0.0,1.0,1.0,1.0,1.0,0.0,0.0,0.0,0.0,1.0,0.0,0.0,0.0,0.0
CCCCCCCCN(C)C,0.0,0.0,0.0,0.0,0.0,0.0,0.0,0.0,0.0,0.0,0.0,0.0,0.0,0.0
CCCC(=NOCC)C1=C(O)CC(CC(C)SCC)CC1=O,0.0,0.0,0.0,0.0,0.0,0.0,0.0,0.0,0.0,0.0,1.0,1.0,0.0,0.0
ClC1=CC=CC=C1C1=NN=C(N=N1)C1=C(Cl)C=CC=C1,0.0,1.0,0.0,0.0,0.0,0.0,0.0,0.0,0.0,1.0,0.0,0.0,0.0,0.0
O=C(OC1=CC=CC=C1)C1=CC(=CC=C1)C(=O)OC1=CC=CC=C1,0.0,0.0,0.0,0.0,1.0,0.0,0.0,0.0,0.0,0.0,0.0,1.0,0.0,0.0
CC[C@H](C)C(=O)O[C@H]1C[C@@H](C)C=C2C=C[C@H](C)[C@H](CC[C@@H]3C[C@@H](O)CC(=O)O3)[C@@H]12,0.0,1.0,,0.0,1.0,1.0,1.0,0.0,,1.0,0.0,0.0,0.0,0.0
NS(=O)(=O)C(F)(F)C(F)(F)C(F)(F)C(F)(F)C(F)(F)C(F)(F)C(F)(F)C(F)(F)F,0.0,0.0,0.0,0.0,0.0,0.0,0.0,0.0,0.0,0.0,0.0,0.0,0.0,0.0
CCOC(=O)C(C)OC1=CC=C(OC2=CN=C3C=C(Cl)C=CC3=N2)C=C1,0.0,0.0,0.0,0.0,0.0,0.0,0.0,0.0,0.0,0.0,0.0,0.0,1.0,0.0
FAIL,0.0,0.0,0.0,0.0,0.0,0.0,0.0,0.0,0.0,0.0,0.0,1.0,0.0,0.0
OC1=CC=C(C=C1)C1(OC(=O)C2=C1C=CC=C2)C1=CC=C(O)C=C1,0.0,0.0,1.0,1.0,1.0,1.0,0.0,0.0,0.0,0.0,0.0,1.0,0.0,0.0
CCOC(=O)C(C)OC(=O)C1=C(C=CC(OC2=C(Cl)C=C(C=C2)C(F)(F)F)=C1)[N+]([O-])=O,1.0,0.0,0.0,0.0,0.0,0.0,0.0,0.0,0.0,0.0,0.0,0.0,0.0,0.0
CC1=C(OP(=O)(OC2=C(C)C=CC=C2)OC2=C(C)C=CC=C2)C=CC=C1,0.0,0.0,0.0,0.0,0.0,0.0,0.0,0.0,0.0,0.0,0.0,0.0,0.0,0.0
CCCCOCCOP(=O)(OCCOCCCC)OCCOCCCC,0.0,0.0,0.0,0.0,0.0,0.0,0.0,0.0,0.0,0.0,0.0,0.0,0.0,0.0
FAIL,0.0,0.0,0.0,0.0,0.0,0.0,0.0,0.0,0.0,0.0,0.0,0.0,0.0,0.0
CCCCOC(=O)[C@@H](C)OC1=CC=C(OC2=CC=C(C=N2)C(F)(F)F)C=C1,0.0,0.0,0.0,1.0,0.0,0.0,0.0,0.0,0.0,0.0,0.0,0.0,0.0,0.0
CC1=C(F)C(F)=C(COC(=O)C2C(\C=C(/Cl)C(F)(F)F)C2(C)C)C(F)=C1F,0.0,0.0,0.0,0.0,0.0,0.0,0.0,0.0,0.0,0.0,1.0,0.0,0.0,0.0
CC[C@]12CC[C@H]3[C@@H](CCC4=CC(=O)CC[C@H]34)[C@@H]1CC[C@@]2(O)C#C,0.0,0.0,0.0,1.0,0.0,0.0,0.0,0.0,1.0,0.0,0.0,1.0,0.0,0.0
CCC(C)(C)C(=O)O[C@H]1C[C@@H](C)C=C2C=C[C@H](C)[C@H](CC[C@@H]3C[C@@H](O)CC(=O)O3)[C@@H]12,0.0,0.0,,0.0,1.0,1.0,1.0,0.0,,0.0,0.0,0.0,0.0,0.0
CC(C)(C1=CC(Br)=C(O)C(Br)=C1)C1=CC(Br)=C(O)C(Br)=C1,0.0,0.0,1.0,1.0,0.0,0.0,0.0,0.0,0.0,0.0,0.0,0.0,0.0,0.0
CC1=CC(=CC=C1O)C(C)(C)C1=CC(C)=C(O)C=C1,0.0,1.0,0.0,0.0,1.0,1.0,0.0,0.0,0.0,1.0,0.0,1.0,0.0,0.0
CC(C)(C1=CC=C(O)C=C1)C1=CC=C(O)C=C1,0.0,1.0,0.0,0.0,0.0,0.0,0.0,0.0,0.0,1.0,0.0,0.0,0.0,0.0
NC1=CC=C(C=C1)S(=O)(=O)C1=CC=C(N)C=C1,0.0,0.0,1.0,1.0,0.0,1.0,0.0,0.0,0.0,1.0,0.0,0.0,0.0,0.0
OC1=CC=C(C=C1)S(=O)(=O)C1=CC=C(O)C=C1,1.0,1.0,1.0,1.0,1.0,1.0,0.0,0.0,0.0,1.0,0.0,1.0,0.0,1.0
[Mn++].[Zn++].[S-]C(=S)NCCNC([S-])=S.[S-]C(=S)NCCNC([S-])=S,0.0,0.0,0.0,0.0,0.0,0.0,0.0,0.0,0.0,0.0,0.0,0.0,0.0,0.0
CCC(C)(C)C1=CC=C(O)C=C1,0.0,0.0,0.0,1.0,0.0,1.0,0.0,0.0,0.0,0.0,0.0,0.0,0.0,0.0
[Na+].CC[C@H](C)C(=O)O[C@H]1C[C@H](O)C=C2C=C[C@H](C)[C@H](CC[C@@H](O)C[C@@H](O)CC([O-])=O)[C@@H]12,0.0,1.0,,0.0,1.0,1.0,1.0,0.0,0.0,1.0,0.0,0.0,0.0,0.0
CC1(C)CON(CC2=C(Cl)C=CC=C2)C1=O,0.0,1.0,0.0,0.0,0.0,0.0,1.0,0.0,0.0,1.0,0.0,0.0,0.0,0.0
OCCOC(=O)C=C,0.0,0.0,1.0,0.0,0.0,0.0,0.0,0.0,0.0,1.0,0.0,0.0,0.0,0.0
OC(=O)C1=C(C=CC=C1)C(C1=CC=C(O)C=C1)C1=CC=C(O)C=C1,0.0,0.0,1.0,1.0,1.0,1.0,0.0,0.0,0.0,0.0,0.0,0.0,0.0,0.0
ClC1=C2C(=O)C3=C(C=CC=C3)C(=O)C2=CC=C1,0.0,0.0,0.0,0.0,0.0,0.0,1.0,0.0,1.0,1.0,0.0,0.0,0.0,0.0
CCC(C)(CC)C1=NOC(NC(=O)C2=C(OC)C=CC=C2OC)=C1,1.0,0.0,0.0,0.0,1.0,1.0,0.0,0.0,0.0,0.0,0.0,1.0,0.0,1.0
Cl.OC1=CC=C(C=C1)C1=C(C(=O)C2=CC=C(OCCN3CCCCC3)C=C2)C2=CC=C(O)C=C2S1,0.0,0.0,0.0,0.0,0.0,0.0,0.0,0.0,0.0,0.0,0.0,0.0,0.0,0.0
CC1=C(C=CC=C1COC(=O)[C@H]1[C@@H](\C=C(/Cl)C(F)(F)F)C1(C)C)C1=CC=CC=C1,0.0,0.0,0.0,0.0,0.0,0.0,1.0,0.0,0.0,0.0,0.0,0.0,0.0,0.0
CC1=C2C=CC3=CC=CC=C3C2=CC=C1,0.0,1.0,0.0,0.0,1.0,0.0,1.0,0.0,0.0,1.0,0.0,0.0,1.0,0.0
CCNC1=NC(SC)=NC(NC(C)C)=N1,0.0,0.0,0.0,1.0,0.0,0.0,0.0,0.0,0.0,0.0,1.0,0.0,1.0,0.0
[O-][N+](=O)C1=CC=C(NC2=CC=CC=C2)C=C1,0.0,0.0,0.0,1.0,0.0,1.0,0.0,0.0,,0.0,0.0,1.0,0.0,0.0
CC(C)(C)C(O)C(=C/C1=C(Cl)C=C(Cl)C=C1)\N1C=NC=N1,0.0,0.0,0.0,1.0,0.0,0.0,0.0,0.0,0.0,0.0,0.0,1.0,0.0,0.0
CC1=C(N)C=CC(CC2=CC(C)=C(N)C=C2)=C1,0.0,1.0,1.0,1.0,1.0,1.0,0.0,0.0,,1.0,0.0,1.0,0.0,0.0
OC1=CC=C2C=CC=CC2=C1\N=N\C1=CC=CC=C1,0.0,0.0,1.0,1.0,0.0,0.0,0.0,1.0,1.0,0.0,1.0,0.0,1.0,0.0
CC#C[C@]1(O)CC[C@H]2[C@@H]3CCC4=CC(=O)CCC4=C3[C@H](C[C@]12C)C1=CC=C(C=C1)N(C)C,0.0,0.0,1.0,1.0,1.0,1.0,0.0,0.0,0.0,1.0,0.0,1.0,0.0,0.0
CCCCCCOC(=O)C1=C(C=CC=C1)C(=O)OCCCCCC,0.0,0.0,0.0,0.0,0.0,0.0,0.0,0.0,0.0,0.0,0.0,0.0,0.0,0.0
C1=CC2=C(C=C1)C1=C(C=CC=C1)C=C2,0.0,1.0,0.0,0.0,1.0,0.0,1.0,0.0,0.0,1.0,0.0,0.0,0.0,0.0
C[Si](CN1C=NC=N1)(C1=CC=C(F)C=C1)C1=CC=C(F)C=C1,1.0,0.0,0.0,0.0,0.0,0.0,1.0,0.0,0.0,0.0,0.0,0.0,0.0,1.0
CCC(C)N(C)C(=O)C1=CC2=C(C=CC=C2)C(=N1)C1=CC=CC=C1Cl,0.0,0.0,1.0,1.0,0.0,0.0,0.0,1.0,0.0,0.0,0.0,0.0,0.0,0.0
CCN1C2=CC=CC=C2C2=C1C=CC=C2,0.0,1.0,0.0,0.0,1.0,1.0,1.0,0.0,,1.0,0.0,0.0,0.0,0.0
COP(=S)(OC)SCN1N=NC2=C(C=CC=C2)C1=O,0.0,0.0,0.0,1.0,0.0,0.0,0.0,0.0,0.0,0.0,0.0,0.0,0.0,0.0
CN(C)C1=CC2=C(C=C1)C(C)=CC(=O)O2,0.0,0.0,0.0,1.0,0.0,0.0,0.0,0.0,1.0,0.0,0.0,0.0,0.0,0.0
CCCCCOC(=O)COC1=C(Cl)C=C(F)C(=C1)N1C(=O)C2=C(CCCC2)C1=O,0.0,0.0,0.0,0.0,0.0,0.0,0.0,0.0,0.0,0.0,0.0,0.0,0.0,0.0
CC1=CC=CC(C)=C1N,0.0,0.0,0.0,1.0,0.0,0.0,0.0,0.0,0.0,0.0,0.0,0.0,0.0,0.0
FAIL,0.0,1.0,0.0,0.0,1.0,1.0,0.0,0.0,0.0,1.0,0.0,1.0,0.0,0.0
CCON=C(CC)C1=C(O)CC(CC1=O)C1=C(C)C=C(C)C=C1C,0.0,0.0,0.0,0.0,0.0,0.0,0.0,0.0,0.0,0.0,0.0,0.0,0.0,0.0
OC1=C(Cl)C=C(Cl)C=C1Cl,0.0,0.0,1.0,1.0,0.0,0.0,0.0,0.0,0.0,0.0,0.0,0.0,0.0,0.0
CC(C)(C)C1=C(O)C=CC=C1,0.0,0.0,0.0,0.0,0.0,0.0,0.0,0.0,0.0,0.0,0.0,0.0,0.0,0.0
CCCCC(CN1C=NC=N1)(C#N)C1=CC=C(Cl)C=C1,1.0,1.0,0.0,0.0,1.0,1.0,1.0,0.0,0.0,1.0,0.0,1.0,,
OC1=C(C=CC=C1)C1=CC=CC=C1,0.0,0.0,0.0,0.0,1.0,1.0,1.0,0.0,0.0,0.0,0.0,0.0,0.0,0.0
CCOC1=CC2=C(NC(C)(C)C=C2C)C=C1,0.0,1.0,1.0,1.0,1.0,1.0,0.0,0.0,0.0,1.0,0.0,1.0,0.0,0.0
NC1=CC2=C(C=CC=C2)C=C1,0.0,0.0,1.0,1.0,1.0,0.0,0.0,1.0,0.0,1.0,0.0,0.0,0.0,0.0
CCO[Si](CCCN)(OCC)OCC,0.0,0.0,0.0,0.0,0.0,0.0,0.0,0.0,0.0,0.0,0.0,0.0,0.0,0.0
OC1=CC2=C(C=CC=C2)C=C1O,0.0,0.0,0.0,0.0,0.0,0.0,0.0,0.0,0.0,0.0,0.0,0.0,0.0,0.0
O=C1CCC(CC1)C1CCCCC1,0.0,0.0,0.0,0.0,1.0,0.0,1.0,0.0,0.0,1.0,0.0,0.0,0.0,0.0
OC1=CC=C(C=C1)C1=CC=CC=C1,0.0,0.0,1.0,1.0,1.0,0.0,0.0,0.0,0.0,1.0,1.0,0.0,1.0,0.0
N1C2=CC=CC=C2SC2=C1C=CC=C2,0.0,1.0,0.0,0.0,1.0,1.0,1.0,0.0,0.0,1.0,1.0,0.0,1.0,0.0
NC1=CC=C(C=C1)C1=CC=C(N)C=C1,0.0,1.0,1.0,0.0,1.0,0.0,1.0,1.0,0.0,1.0,0.0,1.0,1.0,0.0
CC(=O)C1=CC=C(C=C1)C1=CC=CC=C1,0.0,1.0,1.0,0.0,1.0,0.0,1.0,1.0,,1.0,0.0,0.0,0.0,0.0
CC(=O)C1=CC2=CC=CC=C2C=C1,0.0,1.0,0.0,0.0,0.0,0.0,1.0,0.0,0.0,1.0,0.0,0.0,0.0,0.0
CCCOC(=O)C1=CC=C(O)C=C1,0.0,1.0,1.0,1.0,1.0,1.0,0.0,0.0,1.0,1.0,0.0,1.0,0.0,0.0
O=C1C=CC(=O)N1C1=CC=CC=C1,0.0,0.0,0.0,0.0,0.0,0.0,0.0,0.0,0.0,0.0,0.0,0.0,0.0,0.0
OC1=CC=C(C=C1)C(=O)OCC1=CC=CC=C1,1.0,1.0,1.0,1.0,1.0,1.0,0.0,0.0,1.0,1.0,0.0,1.0,0.0,1.0
CC(C1CC1)C(O)(CN1C=NC=N1)C1=CC=C(Cl)C=C1,1.0,0.0,0.0,0.0,1.0,0.0,1.0,0.0,0.0,1.0,0.0,1.0,0.0,1.0
CC1=C(OCC(O)=O)C=CC(Cl)=C1,0.0,0.0,0.0,0.0,0.0,0.0,0.0,0.0,0.0,0.0,0.0,0.0,0.0,0.0
CCCCOC(=O)COC1=C(Cl)C=C(Cl)C=C1,0.0,0.0,0.0,0.0,0.0,0.0,1.0,0.0,0.0,0.0,0.0,0.0,0.0,0.0
CCOC1=C(O)C=C(C=CC)C=C1,0.0,0.0,0.0,1.0,0.0,0.0,0.0,0.0,0.0,0.0,0.0,0.0,1.0,0.0
CC(C\N=C\C1=CC=CC=C1O)\N=C\C1=CC=CC=C1O,1.0,1.0,0.0,0.0,1.0,0.0,1.0,1.0,0.0,1.0,0.0,1.0,0.0,1.0
COC1=NN(CSP(=S)(OC)OC)C(=O)S1,1.0,1.0,1.0,1.0,0.0,0.0,0.0,1.0,0.0,1.0,0.0,0.0,0.0,1.0
NC1=C(N)C=CC=C1,0.0,0.0,0.0,0.0,0.0,0.0,0.0,0.0,0.0,0.0,0.0,0.0,0.0,0.0
CC1=C(C)C=C(O)C=C1,0.0,0.0,0.0,0.0,0.0,0.0,0.0,0.0,0.0,0.0,0.0,0.0,0.0,0.0
CC(COC1=CC=C(OC2=CC=CC=C2)C=C1)OC1=NC=CC=C1,0.0,0.0,0.0,0.0,0.0,0.0,0.0,0.0,0.0,0.0,0.0,0.0,0.0,0.0
NC1=CC(Cl)=C(Cl)C=C1,0.0,1.0,1.0,1.0,0.0,0.0,0.0,1.0,0.0,1.0,0.0,0.0,0.0,0.0
CC1=C(N)C=C(N)C=C1,0.0,0.0,0.0,0.0,0.0,0.0,0.0,0.0,0.0,0.0,0.0,0.0,0.0,0.0
NC1=C(N)C=C(Cl)C=C1,0.0,0.0,1.0,0.0,0.0,0.0,0.0,1.0,1.0,0.0,1.0,0.0,0.0,0.0
ClC1=C(Cl)[C@]2(Cl)[C@@H]3COS(=O)OC[C@@H]3[C@@]1(Cl)C2(Cl)Cl,0.0,1.0,0.0,0.0,1.0,1.0,1.0,0.0,0.0,1.0,0.0,1.0,0.0,0.0
C1=CC=C(C=C1)B(C1=CC=CC=C1)C1=CC=CC=C1,0.0,1.0,0.0,0.0,1.0,1.0,0.0,0.0,0.0,1.0,0.0,0.0,0.0,0.0
OC1=CC=C(Cl)C=C1CC1=CC(Cl)=CC=C1O,0.0,0.0,0.0,0.0,1.0,0.0,1.0,0.0,0.0,0.0,0.0,0.0,0.0,0.0
CCC(C)C1=CC(=CC(=C1OC(=O)OC(C)C)[N+]([O-])=O)[N+]([O-])=O,0.0,0.0,0.0,0.0,1.0,0.0,1.0,0.0,0.0,1.0,0.0,1.0,0.0,0.0
COC1=CC(=CC=C1N)[N+]([O-])=O,0.0,0.0,1.0,1.0,0.0,1.0,0.0,0.0,0.0,0.0,0.0,0.0,0.0,0.0
COC1=C(O)C=CC(CC=C)=C1,0.0,0.0,0.0,0.0,0.0,0.0,0.0,0.0,0.0,0.0,1.0,0.0,1.0,0.0
COC1=CC(C=CC)=CC=C1O,0.0,1.0,0.0,0.0,1.0,0.0,0.0,0.0,0.0,1.0,0.0,0.0,0.0,0.0
CC1=C(N)C=CC(=C1)N=NC1=C(C)C=CC=C1,0.0,0.0,1.0,1.0,0.0,0.0,0.0,0.0,0.0,0.0,0.0,0.0,1.0,0.0
CCN(CC)C(=S)SSC(=S)N(CC)CC,0.0,0.0,0.0,0.0,0.0,0.0,0.0,0.0,0.0,1.0,0.0,0.0,0.0,0.0
CC(C)(C)C1=CC(O)=C(O)C=C1,0.0,0.0,1.0,0.0,0.0,0.0,0.0,1.0,0.0,1.0,0.0,1.0,0.0,0.0
CC(C)(C)NC(=O)[C@H]1CC[C@H]2[C@@H]3CC[C@H]4NC(=O)C=C[C@]4(C)[C@H]3CC[C@]12C,1.0,0.0,,0.0,1.0,1.0,1.0,0.0,1.0,0.0,0.0,1.0,0.0,1.0
CC(C)(C)C1=CC=C(O)C=C1,0.0,0.0,0.0,1.0,0.0,0.0,0.0,0.0,0.0,0.0,1.0,0.0,1.0,0.0
CC1COC2=C(C=CC=C2)N1C(=O)C(Cl)Cl,0.0,1.0,0.0,0.0,1.0,0.0,1.0,1.0,,1.0,0.0,1.0,0.0,0.0
CC1=NC2=NC(=NN2C=C1)S(=O)(=O)NC1=C(F)C=CC=C1F,0.0,0.0,0.0,0.0,0.0,0.0,0.0,0.0,0.0,0.0,0.0,0.0,0.0,0.0
CC1=C(N)C=C(C=C1)[N+]([O-])=O,0.0,0.0,1.0,1.0,0.0,1.0,0.0,0.0,0.0,0.0,0.0,0.0,0.0,0.0
COC1=C(N)C=C(C=C1)[N+]([O-])=O,1.0,0.0,1.0,1.0,1.0,1.0,0.0,0.0,0.0,0.0,0.0,1.0,0.0,1.0
CCCCCC(C)OC(=O)COC1=CC=C(Cl)C2=CC=CN=C12,0.0,0.0,0.0,0.0,1.0,0.0,1.0,0.0,0.0,0.0,0.0,1.0,0.0,0.0
CCC(C)C1=CC=C(O)C=C1,0.0,0.0,0.0,1.0,0.0,0.0,0.0,0.0,0.0,0.0,1.0,0.0,0.0,0.0
COC(=O)C1=CC=C(O)C=C1,0.0,0.0,1.0,1.0,0.0,0.0,0.0,0.0,0.0,0.0,0.0,0.0,1.0,0.0
CC1=CC2=C3N(CC2)C(=O)[C@H](NC(=O)C2=CC=NC=C2)N=C(C2=CC=CC=C2)C3=C1,0.0,0.0,1.0,1.0,0.0,0.0,0.0,0.0,1.0,0.0,0.0,0.0,0.0,0.0
C[C@@H](O)C1=NC(=CC=N1)N1[C@@H](C)CN(C[C@H]1C)C1=NC(C)=NC(C)=N1,0.0,0.0,0.0,0.0,0.0,0.0,0.0,0.0,0.0,0.0,0.0,0.0,0.0,0.0
NC1=CC2=C3N(CCC3=C1)C(=O)[C@H](NC(=O)C1=CC=CN=C1)N=C2C1=CC=CC=C1,0.0,0.0,1.0,1.0,1.0,1.0,0.0,0.0,1.0,0.0,1.0,1.0,1.0,0.0
CS(O)(=O)=O.CCOC1=CC=CC(=C1)[C@]1(CC[C@H](C)CC1)N1CCN(CC1)C1=CC=CC=C1,0.0,1.0,1.0,0.0,0.0,0.0,1.0,1.0,0.0,1.0,0.0,0.0,0.0,0.0
CNS(=O)(=O)C1=C(F)C=C(Cl)C(=C1)C(=O)N1CCC(CCN2C3CCC2CC(C3)N2C(C)=NC3=C2C=CC=C3)(CC1)C1=CC(F)=CC=C1,1.0,0.0,,0.0,1.0,0.0,1.0,0.0,0.0,1.0,0.0,1.0,1.0,0.0
Cl.CC1=NC(=NO1)C1=CC2=C(CCN(CCC3CCC(CC3)NC(=O)\C=C\C3=CC=C(F)C=C3)CC2)C=C1,0.0,1.0,,0.0,1.0,1.0,1.0,0.0,,1.0,0.0,1.0,0.0,0.0
O.[K+].NC(=O)C1=NC(=N[N-]1)C1=CC=CC(=C1)C1=CC(F)=CC=C1OCC(F)(F)C(F)(F)F,0.0,0.0,0.0,0.0,0.0,0.0,0.0,0.0,0.0,0.0,0.0,0.0,0.0,0.0
CC1=NC=C(C=N1)[C@@H](CCCCCCC1=NC2=C(CCCN2)C=C1)CC(O)=O,0.0,0.0,0.0,0.0,1.0,1.0,1.0,0.0,0.0,0.0,0.0,1.0,0.0,0.0
F[C@@H](CO[C@H]1CC[C@@H](CC1)NC1=C2C=NN=C2N=CN1)C1=CC=CC=C1F,0.0,0.0,0.0,0.0,1.0,1.0,1.0,0.0,0.0,0.0,0.0,1.0,0.0,0.0
Cl.COC1=CC=CC(=C1)C1=C(Cl)C=C(\C=C/CN2CCCCCC2)C=C1,0.0,0.0,0.0,0.0,0.0,0.0,0.0,0.0,0.0,0.0,0.0,0.0,0.0,0.0
O.Cl.CN1CCN(CC2=CC(=CO2)C2=CC=C3N=C(O)OC3=C2)[C@H](C1)C1=CC=C(F)C=C1,0.0,0.0,1.0,1.0,0.0,0.0,0.0,0.0,0.0,1.0,0.0,0.0,0.0,0.0
CCOC(=O)[C@@]1(OC2=CC=CC=C2[C@@H]1N)C1=CC=CC=C1,1.0,1.0,0.0,0.0,1.0,1.0,1.0,0.0,0.0,1.0,0.0,1.0,0.0,1.0
FC1=CC=C2N(CC3=CC(F)=CC=C3)C(=CC2=C1)C(=O)NC1=CC=C2NC=CC2=C1,0.0,1.0,1.0,1.0,1.0,1.0,0.0,0.0,0.0,1.0,0.0,1.0,0.0,0.0
COC1=CC=C(C=C1)C(=O)NC1=C(C#N)C(NCC2=CC=CC=C2)=C2C=CC=CC2=N1,0.0,1.0,1.0,1.0,0.0,0.0,0.0,1.0,0.0,1.0,0.0,0.0,0.0,0.0
Cl.CCOC(=O)C1=CC=C(C=C1)[C@H]1CC[C@@H](CC1)NC[C@H](O)COC1=CC=C(O)C(NS(C)(=O)=O)=C1,0.0,1.0,0.0,0.0,1.0,1.0,1.0,0.0,0.0,1.0,0.0,0.0,0.0,0.0
OC(=O)\C=C\C(O)=O.O=C1N(CCC2=NOC(=N2)C2=CC=C(CN3CCCCCC3)S2)C(=O)C2=C1C=CC=C2,0.0,1.0,0.0,0.0,1.0,1.0,0.0,0.0,,1.0,0.0,1.0,0.0,0.0
Cl.CN1C(=O)C=C(OC2=C(F)C=C(F)C=C2)C2=C1N=C(NCC(C)(C)O)N=C2,0.0,0.0,0.0,0.0,1.0,0.0,0.0,0.0,0.0,0.0,0.0,0.0,0.0,0.0
[Na+].COC1=CC=C(\C=C\S(=O)(=O)[N-]C(=O)C2=CC=C(C)C=C2Cl)C=C1,0.0,0.0,0.0,0.0,0.0,0.0,1.0,0.0,0.0,0.0,0.0,0.0,0.0,0.0
